Crop,Production,Year,Dakar_VHI,Diourbel_VHI,Fatick_VHI,Kaffrine_VHI,Kaolack_VHI,Kedougou_VHI,Kolda_VHI,Louga_VHI,Matam_VHI,Saint louis_VHI,Sedhiou_VHI,Tambacounda_VHI,Thies_VHI,Ziguinchor_VHI,Corn_Weighted_VHI,Cotton_Weighted_VHI,Millet_Weighted_VHI,Peanut_Weighted_VHI,Rice_Weighted_VHI,Sorghum_Weighted_VHI,Dakar_VHI_Cumulative,Diourbel_VHI_Cumulative,Fatick_VHI_Cumulative,Kaffrine_VHI_Cumulative,Kaolack_VHI_Cumulative,Kedougou_VHI_Cumulative,Kolda_VHI_Cumulative,Louga_VHI_Cumulative,Matam_VHI_Cumulative,Saint louis_VHI_Cumulative,Sedhiou_VHI_Cumulative,Tambacounda_VHI_Cumulative,Thies_VHI_Cumulative,Ziguinchor_VHI_Cumulative,Corn_Weighted_VHI_Cumulative,Cotton_Weighted_VHI_Cumulative,Millet_Weighted_VHI_Cumulative,Peanut_Weighted_VHI_Cumulative,Rice_Weighted_VHI_Cumulative,Sorghum_Weighted_VHI_Cumulative,Dakar_Rainfall,Diourbel_Rainfall,Fatick_Rainfall,Kaffrine_Rainfall,Kaolack_Rainfall,Kedougou_Rainfall,Kolda_Rainfall,Louga_Rainfall,Matam_Rainfall,Saint louis_Rainfall,Sedhiou_Rainfall,Tambacounda_Rainfall,Thies_Rainfall,Ziguinchor_Rainfall,Corn_Weighted_Rainfall,Cotton_Weighted_Rainfall,Millet_Weighted_Rainfall,Peanut_Weighted_Rainfall,Rice_Weighted_Rainfall,Sorghum_Weighted_Rainfall,Dakar_Temperature,Diourbel_Temperature,Fatick_Temperature,Kaffrine_Temperature,Kaolack_Temperature,Kedougou_Temperature,Kolda_Temperature,Louga_Temperature,Matam_Temperature,Saint louis_Temperature,Sedhiou_Temperature,Tambacounda_Temperature,Thies_Temperature,Ziguinchor_Temperature,Corn_Weighted_Temperature,Cotton_Weighted_Temperature,Millet_Weighted_Temperature,Peanut_Weighted_Temperature,Rice_Weighted_Temperature,Sorghum_Weighted_Temperature
Peanut,646394.0,1996,0.0,0.0,0.0,0.0,0.0,0.0,0.0,0.0,0.0,0.0,0.0,0.0,0.0,0.0,0.0,0.0,0.0,0.0,0.0,0.0,0.0,0.0,0.0,0.0,0.0,0.0,0.0,0.0,0.0,0.0,0.0,0.0,0.0,0.0,0.0,0.0,0.0,0.0,0.0,0.0,0.0,0.0,0.0,0.0,0.0,0.0,0.0,0.0,0.0,0.0,0.0,0.0,0.0,0.0,0.0,0.0,0.0,0.0,0.0,0.0,21.2483871,28.61666667,27.96129032,27.96129032,27.96129032,30.29259259,28.57586207,23.22580645,27.28387097,23.22580645,28.57586207,27.17419355,28.61666667,25.04516129,27.848674157603607,28.2915744662,27.8485069864,27.497926236725245,26.679772051400004,27.6768566717
Corn,88634.0,1996,0.0,0.0,0.0,0.0,0.0,0.0,0.0,0.0,0.0,0.0,0.0,0.0,0.0,0.0,0.0,0.0,0.0,0.0,0.0,0.0,0.0,0.0,0.0,0.0,0.0,0.0,0.0,0.0,0.0,0.0,0.0,0.0,0.0,0.0,0.0,0.0,0.0,0.0,0.0,0.0,0.0,0.0,0.0,0.0,0.0,0.0,0.0,0.0,0.0,0.0,0.0,0.0,0.0,0.0,0.0,0.0,0.0,0.0,0.0,0.0,21.2483871,28.61666667,27.96129032,27.96129032,27.96129032,30.29259259,28.57586207,23.22580645,27.28387097,23.22580645,28.57586207,27.17419355,28.61666667,25.04516129,27.848674157603607,28.2915744662,27.8485069864,27.497926236725245,26.679772051400004,27.6768566717
Millet,601359.0,1996,0.0,0.0,0.0,0.0,0.0,0.0,0.0,0.0,0.0,0.0,0.0,0.0,0.0,0.0,0.0,0.0,0.0,0.0,0.0,0.0,0.0,0.0,0.0,0.0,0.0,0.0,0.0,0.0,0.0,0.0,0.0,0.0,0.0,0.0,0.0,0.0,0.0,0.0,0.0,0.0,0.0,0.0,0.0,0.0,0.0,0.0,0.0,0.0,0.0,0.0,0.0,0.0,0.0,0.0,0.0,0.0,0.0,0.0,0.0,0.0,21.2483871,28.61666667,27.96129032,27.96129032,27.96129032,30.29259259,28.57586207,23.22580645,27.28387097,23.22580645,28.57586207,27.17419355,28.61666667,25.04516129,27.848674157603607,28.2915744662,27.8485069864,27.497926236725245,26.679772051400004,27.6768566717
Rice,148780.0,1996,0.0,0.0,0.0,0.0,0.0,0.0,0.0,0.0,0.0,0.0,0.0,0.0,0.0,0.0,0.0,0.0,0.0,0.0,0.0,0.0,0.0,0.0,0.0,0.0,0.0,0.0,0.0,0.0,0.0,0.0,0.0,0.0,0.0,0.0,0.0,0.0,0.0,0.0,0.0,0.0,0.0,0.0,0.0,0.0,0.0,0.0,0.0,0.0,0.0,0.0,0.0,0.0,0.0,0.0,0.0,0.0,0.0,0.0,0.0,0.0,21.2483871,28.61666667,27.96129032,27.96129032,27.96129032,30.29259259,28.57586207,23.22580645,27.28387097,23.22580645,28.57586207,27.17419355,28.61666667,25.04516129,27.848674157603607,28.2915744662,27.8485069864,27.497926236725245,26.679772051400004,27.6768566717
Sorghum,133009.0,1996,0.0,0.0,0.0,0.0,0.0,0.0,0.0,0.0,0.0,0.0,0.0,0.0,0.0,0.0,0.0,0.0,0.0,0.0,0.0,0.0,0.0,0.0,0.0,0.0,0.0,0.0,0.0,0.0,0.0,0.0,0.0,0.0,0.0,0.0,0.0,0.0,0.0,0.0,0.0,0.0,0.0,0.0,0.0,0.0,0.0,0.0,0.0,0.0,0.0,0.0,0.0,0.0,0.0,0.0,0.0,0.0,0.0,0.0,0.0,0.0,21.2483871,28.61666667,27.96129032,27.96129032,27.96129032,30.29259259,28.57586207,23.22580645,27.28387097,23.22580645,28.57586207,27.17419355,28.61666667,25.04516129,27.848674157603607,28.2915744662,27.8485069864,27.497926236725245,26.679772051400004,27.6768566717
Peanut,544825.0,1997,0.0,0.0,0.0,0.0,0.0,0.0,0.0,0.0,0.0,0.0,0.0,0.0,0.0,0.0,0.0,0.0,0.0,0.0,0.0,0.0,0.0,0.0,0.0,0.0,0.0,0.0,0.0,0.0,0.0,0.0,0.0,0.0,0.0,0.0,0.0,0.0,0.0,0.0,0.0,0.0,0.0,0.0,0.0,0.0,0.0,0.0,0.0,0.0,0.0,0.0,0.0,0.0,0.0,0.0,0.0,0.0,0.0,0.0,0.0,0.0,21.78064516,27.54,27.6483871,27.6483871,27.6483871,29.84482759,28.05,22.95666667,27.23448276,22.95666667,28.05,28.28666667,27.54,26.21935484,27.643387912415783,28.192759548900003,27.47968593474,27.22264467042171,26.5128479433,27.5670571767
Corn,80281.0,1997,0.0,0.0,0.0,0.0,0.0,0.0,0.0,0.0,0.0,0.0,0.0,0.0,0.0,0.0,0.0,0.0,0.0,0.0,0.0,0.0,0.0,0.0,0.0,0.0,0.0,0.0,0.0,0.0,0.0,0.0,0.0,0.0,0.0,0.0,0.0,0.0,0.0,0.0,0.0,0.0,0.0,0.0,0.0,0.0,0.0,0.0,0.0,0.0,0.0,0.0,0.0,0.0,0.0,0.0,0.0,0.0,0.0,0.0,0.0,0.0,21.78064516,27.54,27.6483871,27.6483871,27.6483871,29.84482759,28.05,22.95666667,27.23448276,22.95666667,28.05,28.28666667,27.54,26.21935484,27.643387912415783,28.192759548900003,27.47968593474,27.22264467042171,26.5128479433,27.5670571767
Millet,426481.0,1997,0.0,0.0,0.0,0.0,0.0,0.0,0.0,0.0,0.0,0.0,0.0,0.0,0.0,0.0,0.0,0.0,0.0,0.0,0.0,0.0,0.0,0.0,0.0,0.0,0.0,0.0,0.0,0.0,0.0,0.0,0.0,0.0,0.0,0.0,0.0,0.0,0.0,0.0,0.0,0.0,0.0,0.0,0.0,0.0,0.0,0.0,0.0,0.0,0.0,0.0,0.0,0.0,0.0,0.0,0.0,0.0,0.0,0.0,0.0,0.0,21.78064516,27.54,27.6483871,27.6483871,27.6483871,29.84482759,28.05,22.95666667,27.23448276,22.95666667,28.05,28.28666667,27.54,26.21935484,27.643387912415783,28.192759548900003,27.47968593474,27.22264467042171,26.5128479433,27.5670571767
Rice,173702.0,1997,0.0,0.0,0.0,0.0,0.0,0.0,0.0,0.0,0.0,0.0,0.0,0.0,0.0,0.0,0.0,0.0,0.0,0.0,0.0,0.0,0.0,0.0,0.0,0.0,0.0,0.0,0.0,0.0,0.0,0.0,0.0,0.0,0.0,0.0,0.0,0.0,0.0,0.0,0.0,0.0,0.0,0.0,0.0,0.0,0.0,0.0,0.0,0.0,0.0,0.0,0.0,0.0,0.0,0.0,0.0,0.0,0.0,0.0,0.0,0.0,21.78064516,27.54,27.6483871,27.6483871,27.6483871,29.84482759,28.05,22.95666667,27.23448276,22.95666667,28.05,28.28666667,27.54,26.21935484,27.643387912415783,28.192759548900003,27.47968593474,27.22264467042171,26.5128479433,27.5670571767
Sorghum,118297.0,1997,0.0,0.0,0.0,0.0,0.0,0.0,0.0,0.0,0.0,0.0,0.0,0.0,0.0,0.0,0.0,0.0,0.0,0.0,0.0,0.0,0.0,0.0,0.0,0.0,0.0,0.0,0.0,0.0,0.0,0.0,0.0,0.0,0.0,0.0,0.0,0.0,0.0,0.0,0.0,0.0,0.0,0.0,0.0,0.0,0.0,0.0,0.0,0.0,0.0,0.0,0.0,0.0,0.0,0.0,0.0,0.0,0.0,0.0,0.0,0.0,21.78064516,27.54,27.6483871,27.6483871,27.6483871,29.84482759,28.05,22.95666667,27.23448276,22.95666667,28.05,28.28666667,27.54,26.21935484,27.643387912415783,28.192759548900003,27.47968593474,27.22264467042171,26.5128479433,27.5670571767
Peanut,579067.0,1998,0.0,0.0,0.0,0.0,0.0,0.0,0.0,0.0,0.0,0.0,0.0,0.0,0.0,0.0,0.0,0.0,0.0,0.0,0.0,0.0,0.0,0.0,0.0,0.0,0.0,0.0,0.0,0.0,0.0,0.0,0.0,0.0,0.0,0.0,0.0,0.0,0.0,0.0,0.0,0.0,0.0,0.0,0.0,0.0,0.0,0.0,0.0,0.0,0.0,0.0,0.0,0.0,0.0,0.0,0.0,0.0,0.0,0.0,0.0,0.0,23.04516129,25.79,26.69032258,26.69032258,26.69032258,27.01923077,25.53793103,23.02580645,25.21290323,23.02580645,25.53793103,26.76774194,25.79,24.42333333,25.89398269806057,26.0034052349,26.170860544440004,25.942856105344102,24.8203530016,26.0570074548
Corn,44339.0,1998,0.0,0.0,0.0,0.0,0.0,0.0,0.0,0.0,0.0,0.0,0.0,0.0,0.0,0.0,0.0,0.0,0.0,0.0,0.0,0.0,0.0,0.0,0.0,0.0,0.0,0.0,0.0,0.0,0.0,0.0,0.0,0.0,0.0,0.0,0.0,0.0,0.0,0.0,0.0,0.0,0.0,0.0,0.0,0.0,0.0,0.0,0.0,0.0,0.0,0.0,0.0,0.0,0.0,0.0,0.0,0.0,0.0,0.0,0.0,0.0,23.04516129,25.79,26.69032258,26.69032258,26.69032258,27.01923077,25.53793103,23.02580645,25.21290323,23.02580645,25.53793103,26.76774194,25.79,24.42333333,25.89398269806057,26.0034052349,26.170860544440004,25.942856105344102,24.8203530016,26.0570074548
Millet,441418.0,1998,0.0,0.0,0.0,0.0,0.0,0.0,0.0,0.0,0.0,0.0,0.0,0.0,0.0,0.0,0.0,0.0,0.0,0.0,0.0,0.0,0.0,0.0,0.0,0.0,0.0,0.0,0.0,0.0,0.0,0.0,0.0,0.0,0.0,0.0,0.0,0.0,0.0,0.0,0.0,0.0,0.0,0.0,0.0,0.0,0.0,0.0,0.0,0.0,0.0,0.0,0.0,0.0,0.0,0.0,0.0,0.0,0.0,0.0,0.0,0.0,23.04516129,25.79,26.69032258,26.69032258,26.69032258,27.01923077,25.53793103,23.02580645,25.21290323,23.02580645,25.53793103,26.76774194,25.79,24.42333333,25.89398269806057,26.0034052349,26.170860544440004,25.942856105344102,24.8203530016,26.0570074548
Rice,123519.0,1998,0.0,0.0,0.0,0.0,0.0,0.0,0.0,0.0,0.0,0.0,0.0,0.0,0.0,0.0,0.0,0.0,0.0,0.0,0.0,0.0,0.0,0.0,0.0,0.0,0.0,0.0,0.0,0.0,0.0,0.0,0.0,0.0,0.0,0.0,0.0,0.0,0.0,0.0,0.0,0.0,0.0,0.0,0.0,0.0,0.0,0.0,0.0,0.0,0.0,0.0,0.0,0.0,0.0,0.0,0.0,0.0,0.0,0.0,0.0,0.0,23.04516129,25.79,26.69032258,26.69032258,26.69032258,27.01923077,25.53793103,23.02580645,25.21290323,23.02580645,25.53793103,26.76774194,25.79,24.42333333,25.89398269806057,26.0034052349,26.170860544440004,25.942856105344102,24.8203530016,26.0570074548
Sorghum,119574.0,1998,0.0,0.0,0.0,0.0,0.0,0.0,0.0,0.0,0.0,0.0,0.0,0.0,0.0,0.0,0.0,0.0,0.0,0.0,0.0,0.0,0.0,0.0,0.0,0.0,0.0,0.0,0.0,0.0,0.0,0.0,0.0,0.0,0.0,0.0,0.0,0.0,0.0,0.0,0.0,0.0,0.0,0.0,0.0,0.0,0.0,0.0,0.0,0.0,0.0,0.0,0.0,0.0,0.0,0.0,0.0,0.0,0.0,0.0,0.0,0.0,23.04516129,25.79,26.69032258,26.69032258,26.69032258,27.01923077,25.53793103,23.02580645,25.21290323,23.02580645,25.53793103,26.76774194,25.79,24.42333333,25.89398269806057,26.0034052349,26.170860544440004,25.942856105344102,24.8203530016,26.0570074548
Peanut,1014250.0,1999,0.0,0.0,0.0,0.0,0.0,0.0,0.0,0.0,0.0,0.0,0.0,0.0,0.0,0.0,0.0,0.0,0.0,0.0,0.0,0.0,0.0,0.0,0.0,0.0,0.0,0.0,0.0,0.0,0.0,0.0,0.0,0.0,0.0,0.0,0.0,0.0,0.0,0.0,0.0,0.0,0.0,0.0,0.0,0.0,0.0,0.0,0.0,0.0,0.0,0.0,0.0,0.0,0.0,0.0,0.0,0.0,0.0,0.0,0.0,0.0,19.49666667,24.41,24.86666667,24.86666667,24.86666667,26.99259259,26.35862069,21.34666667,23.92333333,21.34666667,26.35862069,25.53666667,24.41,24.26333333,25.39858470856798,26.1016532578,24.884457831180004,24.73930368056892,24.6920420184,25.1434323136
Corn,66132.0,1999,0.0,0.0,0.0,0.0,0.0,0.0,0.0,0.0,0.0,0.0,0.0,0.0,0.0,0.0,0.0,0.0,0.0,0.0,0.0,0.0,0.0,0.0,0.0,0.0,0.0,0.0,0.0,0.0,0.0,0.0,0.0,0.0,0.0,0.0,0.0,0.0,0.0,0.0,0.0,0.0,0.0,0.0,0.0,0.0,0.0,0.0,0.0,0.0,0.0,0.0,0.0,0.0,0.0,0.0,0.0,0.0,0.0,0.0,0.0,0.0,19.49666667,24.41,24.86666667,24.86666667,24.86666667,26.99259259,26.35862069,21.34666667,23.92333333,21.34666667,26.35862069,25.53666667,24.41,24.26333333,25.39858470856798,26.1016532578,24.884457831180004,24.73930368056892,24.6920420184,25.1434323136
Millet,675000.0,1999,0.0,0.0,0.0,0.0,0.0,0.0,0.0,0.0,0.0,0.0,0.0,0.0,0.0,0.0,0.0,0.0,0.0,0.0,0.0,0.0,0.0,0.0,0.0,0.0,0.0,0.0,0.0,0.0,0.0,0.0,0.0,0.0,0.0,0.0,0.0,0.0,0.0,0.0,0.0,0.0,0.0,0.0,0.0,0.0,0.0,0.0,0.0,0.0,0.0,0.0,0.0,0.0,0.0,0.0,0.0,0.0,0.0,0.0,0.0,0.0,19.49666667,24.41,24.86666667,24.86666667,24.86666667,26.99259259,26.35862069,21.34666667,23.92333333,21.34666667,26.35862069,25.53666667,24.41,24.26333333,25.39858470856798,26.1016532578,24.884457831180004,24.73930368056892,24.6920420184,25.1434323136
Rice,364000.0,1999,0.0,0.0,0.0,0.0,0.0,0.0,0.0,0.0,0.0,0.0,0.0,0.0,0.0,0.0,0.0,0.0,0.0,0.0,0.0,0.0,0.0,0.0,0.0,0.0,0.0,0.0,0.0,0.0,0.0,0.0,0.0,0.0,0.0,0.0,0.0,0.0,0.0,0.0,0.0,0.0,0.0,0.0,0.0,0.0,0.0,0.0,0.0,0.0,0.0,0.0,0.0,0.0,0.0,0.0,0.0,0.0,0.0,0.0,0.0,0.0,19.49666667,24.41,24.86666667,24.86666667,24.86666667,26.99259259,26.35862069,21.34666667,23.92333333,21.34666667,26.35862069,25.53666667,24.41,24.26333333,25.39858470856798,26.1016532578,24.884457831180004,24.73930368056892,24.6920420184,25.1434323136
Sorghum,147444.0,1999,0.0,0.0,0.0,0.0,0.0,0.0,0.0,0.0,0.0,0.0,0.0,0.0,0.0,0.0,0.0,0.0,0.0,0.0,0.0,0.0,0.0,0.0,0.0,0.0,0.0,0.0,0.0,0.0,0.0,0.0,0.0,0.0,0.0,0.0,0.0,0.0,0.0,0.0,0.0,0.0,0.0,0.0,0.0,0.0,0.0,0.0,0.0,0.0,0.0,0.0,0.0,0.0,0.0,0.0,0.0,0.0,0.0,0.0,0.0,0.0,19.49666667,24.41,24.86666667,24.86666667,24.86666667,26.99259259,26.35862069,21.34666667,23.92333333,21.34666667,26.35862069,25.53666667,24.41,24.26333333,25.39858470856798,26.1016532578,24.884457831180004,24.73930368056892,24.6920420184,25.1434323136
Peanut,1061540.0,2000,0.0,0.0,0.0,0.0,0.0,0.0,0.0,0.0,0.0,0.0,0.0,0.0,0.0,0.0,0.0,0.0,0.0,0.0,0.0,0.0,0.0,0.0,0.0,0.0,0.0,0.0,0.0,0.0,0.0,0.0,0.0,0.0,0.0,0.0,0.0,0.0,0.0,0.0,0.0,0.0,0.0,0.0,0.0,0.0,0.0,0.0,0.0,0.0,0.0,0.0,0.0,0.0,0.0,0.0,0.0,0.0,0.0,0.0,0.0,0.0,20.68709677,28.16785714,27.61935484,27.61935484,27.61935484,29.64166667,27.99655172,23.4125,26.85666667,23.4125,27.99655172,28.76190476,28.16785714,25.96,27.67720374505011,28.2639650642,27.59711425082,27.29852563856352,26.5480930311,27.626229566200003
Corn,78593.0,2000,0.0,0.0,0.0,0.0,0.0,0.0,0.0,0.0,0.0,0.0,0.0,0.0,0.0,0.0,0.0,0.0,0.0,0.0,0.0,0.0,0.0,0.0,0.0,0.0,0.0,0.0,0.0,0.0,0.0,0.0,0.0,0.0,0.0,0.0,0.0,0.0,0.0,0.0,0.0,0.0,0.0,0.0,0.0,0.0,0.0,0.0,0.0,0.0,0.0,0.0,0.0,0.0,0.0,0.0,0.0,0.0,0.0,0.0,0.0,0.0,20.68709677,28.16785714,27.61935484,27.61935484,27.61935484,29.64166667,27.99655172,23.4125,26.85666667,23.4125,27.99655172,28.76190476,28.16785714,25.96,27.67720374505011,28.2639650642,27.59711425082,27.29852563856352,26.5480930311,27.626229566200003
Millet,600221.0,2000,0.0,0.0,0.0,0.0,0.0,0.0,0.0,0.0,0.0,0.0,0.0,0.0,0.0,0.0,0.0,0.0,0.0,0.0,0.0,0.0,0.0,0.0,0.0,0.0,0.0,0.0,0.0,0.0,0.0,0.0,0.0,0.0,0.0,0.0,0.0,0.0,0.0,0.0,0.0,0.0,0.0,0.0,0.0,0.0,0.0,0.0,0.0,0.0,0.0,0.0,0.0,0.0,0.0,0.0,0.0,0.0,0.0,0.0,0.0,0.0,20.68709677,28.16785714,27.61935484,27.61935484,27.61935484,29.64166667,27.99655172,23.4125,26.85666667,23.4125,27.99655172,28.76190476,28.16785714,25.96,27.67720374505011,28.2639650642,27.59711425082,27.29852563856352,26.5480930311,27.626229566200003
Rice,202293.0,2000,0.0,0.0,0.0,0.0,0.0,0.0,0.0,0.0,0.0,0.0,0.0,0.0,0.0,0.0,0.0,0.0,0.0,0.0,0.0,0.0,0.0,0.0,0.0,0.0,0.0,0.0,0.0,0.0,0.0,0.0,0.0,0.0,0.0,0.0,0.0,0.0,0.0,0.0,0.0,0.0,0.0,0.0,0.0,0.0,0.0,0.0,0.0,0.0,0.0,0.0,0.0,0.0,0.0,0.0,0.0,0.0,0.0,0.0,0.0,0.0,20.68709677,28.16785714,27.61935484,27.61935484,27.61935484,29.64166667,27.99655172,23.4125,26.85666667,23.4125,27.99655172,28.76190476,28.16785714,25.96,27.67720374505011,28.2639650642,27.59711425082,27.29852563856352,26.5480930311,27.626229566200003
Sorghum,143750.0,2000,0.0,0.0,0.0,0.0,0.0,0.0,0.0,0.0,0.0,0.0,0.0,0.0,0.0,0.0,0.0,0.0,0.0,0.0,0.0,0.0,0.0,0.0,0.0,0.0,0.0,0.0,0.0,0.0,0.0,0.0,0.0,0.0,0.0,0.0,0.0,0.0,0.0,0.0,0.0,0.0,0.0,0.0,0.0,0.0,0.0,0.0,0.0,0.0,0.0,0.0,0.0,0.0,0.0,0.0,0.0,0.0,0.0,0.0,0.0,0.0,20.68709677,28.16785714,27.61935484,27.61935484,27.61935484,29.64166667,27.99655172,23.4125,26.85666667,23.4125,27.99655172,28.76190476,28.16785714,25.96,27.67720374505011,28.2639650642,27.59711425082,27.29852563856352,26.5480930311,27.626229566200003
Peanut,887356.0,2001,0.0,0.0,0.0,0.0,0.0,0.0,0.0,0.0,0.0,0.0,0.0,0.0,0.0,0.0,0.0,0.0,0.0,0.0,0.0,0.0,0.0,0.0,0.0,0.0,0.0,0.0,0.0,0.0,0.0,0.0,0.0,0.0,0.0,0.0,0.0,0.0,0.0,0.0,0.0,0.0,0.0,0.0,0.0,0.0,0.0,0.0,0.0,0.0,0.0,0.0,0.0,0.0,0.0,0.0,0.0,0.0,0.0,0.0,0.0,0.0,20.90322581,28.86666667,26.692,26.692,26.692,27.87,28.02068966,25.81904762,26.8375,25.81904762,28.02068966,28.97857143,28.86666667,24.95483871,27.523182340595334,28.1713973433,27.31018623718,27.104195847120565,26.9259000752,27.380770109899995
Corn,108546.0,2001,0.0,0.0,0.0,0.0,0.0,0.0,0.0,0.0,0.0,0.0,0.0,0.0,0.0,0.0,0.0,0.0,0.0,0.0,0.0,0.0,0.0,0.0,0.0,0.0,0.0,0.0,0.0,0.0,0.0,0.0,0.0,0.0,0.0,0.0,0.0,0.0,0.0,0.0,0.0,0.0,0.0,0.0,0.0,0.0,0.0,0.0,0.0,0.0,0.0,0.0,0.0,0.0,0.0,0.0,0.0,0.0,0.0,0.0,0.0,0.0,20.90322581,28.86666667,26.692,26.692,26.692,27.87,28.02068966,25.81904762,26.8375,25.81904762,28.02068966,28.97857143,28.86666667,24.95483871,27.523182340595334,28.1713973433,27.31018623718,27.104195847120565,26.9259000752,27.380770109899995
Millet,556655.0,2001,0.0,0.0,0.0,0.0,0.0,0.0,0.0,0.0,0.0,0.0,0.0,0.0,0.0,0.0,0.0,0.0,0.0,0.0,0.0,0.0,0.0,0.0,0.0,0.0,0.0,0.0,0.0,0.0,0.0,0.0,0.0,0.0,0.0,0.0,0.0,0.0,0.0,0.0,0.0,0.0,0.0,0.0,0.0,0.0,0.0,0.0,0.0,0.0,0.0,0.0,0.0,0.0,0.0,0.0,0.0,0.0,0.0,0.0,0.0,0.0,20.90322581,28.86666667,26.692,26.692,26.692,27.87,28.02068966,25.81904762,26.8375,25.81904762,28.02068966,28.97857143,28.86666667,24.95483871,27.523182340595334,28.1713973433,27.31018623718,27.104195847120565,26.9259000752,27.380770109899995
Rice,206989.0,2001,0.0,0.0,0.0,0.0,0.0,0.0,0.0,0.0,0.0,0.0,0.0,0.0,0.0,0.0,0.0,0.0,0.0,0.0,0.0,0.0,0.0,0.0,0.0,0.0,0.0,0.0,0.0,0.0,0.0,0.0,0.0,0.0,0.0,0.0,0.0,0.0,0.0,0.0,0.0,0.0,0.0,0.0,0.0,0.0,0.0,0.0,0.0,0.0,0.0,0.0,0.0,0.0,0.0,0.0,0.0,0.0,0.0,0.0,0.0,0.0,20.90322581,28.86666667,26.692,26.692,26.692,27.87,28.02068966,25.81904762,26.8375,25.81904762,28.02068966,28.97857143,28.86666667,24.95483871,27.523182340595334,28.1713973433,27.31018623718,27.104195847120565,26.9259000752,27.380770109899995
Sorghum,149649.0,2001,0.0,0.0,0.0,0.0,0.0,0.0,0.0,0.0,0.0,0.0,0.0,0.0,0.0,0.0,0.0,0.0,0.0,0.0,0.0,0.0,0.0,0.0,0.0,0.0,0.0,0.0,0.0,0.0,0.0,0.0,0.0,0.0,0.0,0.0,0.0,0.0,0.0,0.0,0.0,0.0,0.0,0.0,0.0,0.0,0.0,0.0,0.0,0.0,0.0,0.0,0.0,0.0,0.0,0.0,0.0,0.0,0.0,0.0,0.0,0.0,20.90322581,28.86666667,26.692,26.692,26.692,27.87,28.02068966,25.81904762,26.8375,25.81904762,28.02068966,28.97857143,28.86666667,24.95483871,27.523182340595334,28.1713973433,27.31018623718,27.104195847120565,26.9259000752,27.380770109899995
Peanut,260723.0,2002,0.0,0.0,0.0,0.0,0.0,0.0,0.0,0.0,0.0,0.0,0.0,0.0,0.0,0.0,0.0,0.0,0.0,0.0,0.0,0.0,0.0,0.0,0.0,0.0,0.0,0.0,0.0,0.0,0.0,0.0,0.0,0.0,0.0,0.0,0.0,0.0,0.0,0.0,0.0,0.0,0.0,0.0,0.0,0.0,0.0,0.0,0.0,0.0,0.0,0.0,0.0,0.0,0.0,0.0,0.0,0.0,0.0,0.0,0.0,0.0,22.29677419,26.83478261,25.35714286,25.35714286,25.35714286,27.88571429,28.72857143,23.31034483,24.71481481,23.31034483,28.72857143,27.59,26.83478261,25.57741935,27.127363144104915,28.191071429900003,26.14384762694,26.05532333145669,26.7149065214,26.6388852662
Corn,80372.0,2002,0.0,0.0,0.0,0.0,0.0,0.0,0.0,0.0,0.0,0.0,0.0,0.0,0.0,0.0,0.0,0.0,0.0,0.0,0.0,0.0,0.0,0.0,0.0,0.0,0.0,0.0,0.0,0.0,0.0,0.0,0.0,0.0,0.0,0.0,0.0,0.0,0.0,0.0,0.0,0.0,0.0,0.0,0.0,0.0,0.0,0.0,0.0,0.0,0.0,0.0,0.0,0.0,0.0,0.0,0.0,0.0,0.0,0.0,0.0,0.0,22.29677419,26.83478261,25.35714286,25.35714286,25.35714286,27.88571429,28.72857143,23.31034483,24.71481481,23.31034483,28.72857143,27.59,26.83478261,25.57741935,27.127363144104915,28.191071429900003,26.14384762694,26.05532333145669,26.7149065214,26.6388852662
Millet,414820.0,2002,0.0,0.0,0.0,0.0,0.0,0.0,0.0,0.0,0.0,0.0,0.0,0.0,0.0,0.0,0.0,0.0,0.0,0.0,0.0,0.0,0.0,0.0,0.0,0.0,0.0,0.0,0.0,0.0,0.0,0.0,0.0,0.0,0.0,0.0,0.0,0.0,0.0,0.0,0.0,0.0,0.0,0.0,0.0,0.0,0.0,0.0,0.0,0.0,0.0,0.0,0.0,0.0,0.0,0.0,0.0,0.0,0.0,0.0,0.0,0.0,22.29677419,26.83478261,25.35714286,25.35714286,25.35714286,27.88571429,28.72857143,23.31034483,24.71481481,23.31034483,28.72857143,27.59,26.83478261,25.57741935,27.127363144104915,28.191071429900003,26.14384762694,26.05532333145669,26.7149065214,26.6388852662
Rice,172395.0,2002,0.0,0.0,0.0,0.0,0.0,0.0,0.0,0.0,0.0,0.0,0.0,0.0,0.0,0.0,0.0,0.0,0.0,0.0,0.0,0.0,0.0,0.0,0.0,0.0,0.0,0.0,0.0,0.0,0.0,0.0,0.0,0.0,0.0,0.0,0.0,0.0,0.0,0.0,0.0,0.0,0.0,0.0,0.0,0.0,0.0,0.0,0.0,0.0,0.0,0.0,0.0,0.0,0.0,0.0,0.0,0.0,0.0,0.0,0.0,0.0,22.29677419,26.83478261,25.35714286,25.35714286,25.35714286,27.88571429,28.72857143,23.31034483,24.71481481,23.31034483,28.72857143,27.59,26.83478261,25.57741935,27.127363144104915,28.191071429900003,26.14384762694,26.05532333145669,26.7149065214,26.6388852662
Sorghum,116929.0,2002,0.0,0.0,0.0,0.0,0.0,0.0,0.0,0.0,0.0,0.0,0.0,0.0,0.0,0.0,0.0,0.0,0.0,0.0,0.0,0.0,0.0,0.0,0.0,0.0,0.0,0.0,0.0,0.0,0.0,0.0,0.0,0.0,0.0,0.0,0.0,0.0,0.0,0.0,0.0,0.0,0.0,0.0,0.0,0.0,0.0,0.0,0.0,0.0,0.0,0.0,0.0,0.0,0.0,0.0,0.0,0.0,0.0,0.0,0.0,0.0,22.29677419,26.83478261,25.35714286,25.35714286,25.35714286,27.88571429,28.72857143,23.31034483,24.71481481,23.31034483,28.72857143,27.59,26.83478261,25.57741935,27.127363144104915,28.191071429900003,26.14384762694,26.05532333145669,26.7149065214,26.6388852662
Peanut,440709.0,2003,0.0,0.0,0.0,0.0,0.0,0.0,0.0,0.0,0.0,0.0,0.0,0.0,0.0,0.0,0.0,0.0,0.0,0.0,0.0,0.0,0.0,0.0,0.0,0.0,0.0,0.0,0.0,0.0,0.0,0.0,0.0,0.0,0.0,0.0,0.0,0.0,0.0,0.0,0.0,0.0,0.0,0.0,0.0,0.0,0.0,0.0,0.0,0.0,0.0,0.0,0.0,0.0,0.0,0.0,0.0,0.0,0.0,0.0,0.0,0.0,21.02580645,26.06785714,26.1,26.1,26.1,25.5875,27.58461538,23.44482759,24.75862069,23.44482759,27.58461538,27.05714286,26.06785714,25.22333333,26.65820562971569,27.2438434044,26.23646715902,26.063175394826445,26.0606915189,26.4148191912
Corn,400907.0,2003,0.0,0.0,0.0,0.0,0.0,0.0,0.0,0.0,0.0,0.0,0.0,0.0,0.0,0.0,0.0,0.0,0.0,0.0,0.0,0.0,0.0,0.0,0.0,0.0,0.0,0.0,0.0,0.0,0.0,0.0,0.0,0.0,0.0,0.0,0.0,0.0,0.0,0.0,0.0,0.0,0.0,0.0,0.0,0.0,0.0,0.0,0.0,0.0,0.0,0.0,0.0,0.0,0.0,0.0,0.0,0.0,0.0,0.0,0.0,0.0,21.02580645,26.06785714,26.1,26.1,26.1,25.5875,27.58461538,23.44482759,24.75862069,23.44482759,27.58461538,27.05714286,26.06785714,25.22333333,26.65820562971569,27.2438434044,26.23646715902,26.063175394826445,26.0606915189,26.4148191912
Millet,628426.0,2003,0.0,0.0,0.0,0.0,0.0,0.0,0.0,0.0,0.0,0.0,0.0,0.0,0.0,0.0,0.0,0.0,0.0,0.0,0.0,0.0,0.0,0.0,0.0,0.0,0.0,0.0,0.0,0.0,0.0,0.0,0.0,0.0,0.0,0.0,0.0,0.0,0.0,0.0,0.0,0.0,0.0,0.0,0.0,0.0,0.0,0.0,0.0,0.0,0.0,0.0,0.0,0.0,0.0,0.0,0.0,0.0,0.0,0.0,0.0,0.0,21.02580645,26.06785714,26.1,26.1,26.1,25.5875,27.58461538,23.44482759,24.75862069,23.44482759,27.58461538,27.05714286,26.06785714,25.22333333,26.65820562971569,27.2438434044,26.23646715902,26.063175394826445,26.0606915189,26.4148191912
Rice,231805.0,2003,0.0,0.0,0.0,0.0,0.0,0.0,0.0,0.0,0.0,0.0,0.0,0.0,0.0,0.0,0.0,0.0,0.0,0.0,0.0,0.0,0.0,0.0,0.0,0.0,0.0,0.0,0.0,0.0,0.0,0.0,0.0,0.0,0.0,0.0,0.0,0.0,0.0,0.0,0.0,0.0,0.0,0.0,0.0,0.0,0.0,0.0,0.0,0.0,0.0,0.0,0.0,0.0,0.0,0.0,0.0,0.0,0.0,0.0,0.0,0.0,21.02580645,26.06785714,26.1,26.1,26.1,25.5875,27.58461538,23.44482759,24.75862069,23.44482759,27.58461538,27.05714286,26.06785714,25.22333333,26.65820562971569,27.2438434044,26.23646715902,26.063175394826445,26.0606915189,26.4148191912
Sorghum,189787.0,2003,0.0,0.0,0.0,0.0,0.0,0.0,0.0,0.0,0.0,0.0,0.0,0.0,0.0,0.0,0.0,0.0,0.0,0.0,0.0,0.0,0.0,0.0,0.0,0.0,0.0,0.0,0.0,0.0,0.0,0.0,0.0,0.0,0.0,0.0,0.0,0.0,0.0,0.0,0.0,0.0,0.0,0.0,0.0,0.0,0.0,0.0,0.0,0.0,0.0,0.0,0.0,0.0,0.0,0.0,0.0,0.0,0.0,0.0,0.0,0.0,21.02580645,26.06785714,26.1,26.1,26.1,25.5875,27.58461538,23.44482759,24.75862069,23.44482759,27.58461538,27.05714286,26.06785714,25.22333333,26.65820562971569,27.2438434044,26.23646715902,26.063175394826445,26.0606915189,26.4148191912
Peanut,602621.0,2004,0.0,0.0,0.0,0.0,0.0,0.0,0.0,0.0,0.0,0.0,0.0,0.0,0.0,0.0,0.0,0.0,0.0,0.0,0.0,0.0,0.0,0.0,0.0,0.0,0.0,0.0,0.0,0.0,0.0,0.0,0.0,0.0,0.0,0.0,0.0,0.0,0.0,0.0,0.0,0.0,0.0,0.0,0.0,0.0,0.0,0.0,0.0,0.0,0.0,0.0,0.0,0.0,0.0,0.0,0.0,0.0,0.0,0.0,0.0,0.0,21.51612903,26.16551724,25.76451613,25.76451613,25.76451613,26.09655172,26.04642857,22.5483871,24.76451613,22.5483871,26.04642857,27.33870968,26.16551724,25.23870968,25.899179026568493,26.3555914901,25.786100874420004,25.56808730093607,25.0618703325,25.8896162407
Corn,400555.0,2004,0.0,0.0,0.0,0.0,0.0,0.0,0.0,0.0,0.0,0.0,0.0,0.0,0.0,0.0,0.0,0.0,0.0,0.0,0.0,0.0,0.0,0.0,0.0,0.0,0.0,0.0,0.0,0.0,0.0,0.0,0.0,0.0,0.0,0.0,0.0,0.0,0.0,0.0,0.0,0.0,0.0,0.0,0.0,0.0,0.0,0.0,0.0,0.0,0.0,0.0,0.0,0.0,0.0,0.0,0.0,0.0,0.0,0.0,0.0,0.0,21.51612903,26.16551724,25.76451613,25.76451613,25.76451613,26.09655172,26.04642857,22.5483871,24.76451613,22.5483871,26.04642857,27.33870968,26.16551724,25.23870968,25.899179026568493,26.3555914901,25.786100874420004,25.56808730093607,25.0618703325,25.8896162407
Millet,323752.0,2004,0.0,0.0,0.0,0.0,0.0,0.0,0.0,0.0,0.0,0.0,0.0,0.0,0.0,0.0,0.0,0.0,0.0,0.0,0.0,0.0,0.0,0.0,0.0,0.0,0.0,0.0,0.0,0.0,0.0,0.0,0.0,0.0,0.0,0.0,0.0,0.0,0.0,0.0,0.0,0.0,0.0,0.0,0.0,0.0,0.0,0.0,0.0,0.0,0.0,0.0,0.0,0.0,0.0,0.0,0.0,0.0,0.0,0.0,0.0,0.0,21.51612903,26.16551724,25.76451613,25.76451613,25.76451613,26.09655172,26.04642857,22.5483871,24.76451613,22.5483871,26.04642857,27.33870968,26.16551724,25.23870968,25.899179026568493,26.3555914901,25.786100874420004,25.56808730093607,25.0618703325,25.8896162407
Rice,201744.0,2004,0.0,0.0,0.0,0.0,0.0,0.0,0.0,0.0,0.0,0.0,0.0,0.0,0.0,0.0,0.0,0.0,0.0,0.0,0.0,0.0,0.0,0.0,0.0,0.0,0.0,0.0,0.0,0.0,0.0,0.0,0.0,0.0,0.0,0.0,0.0,0.0,0.0,0.0,0.0,0.0,0.0,0.0,0.0,0.0,0.0,0.0,0.0,0.0,0.0,0.0,0.0,0.0,0.0,0.0,0.0,0.0,0.0,0.0,0.0,0.0,21.51612903,26.16551724,25.76451613,25.76451613,25.76451613,26.09655172,26.04642857,22.5483871,24.76451613,22.5483871,26.04642857,27.33870968,26.16551724,25.23870968,25.899179026568493,26.3555914901,25.786100874420004,25.56808730093607,25.0618703325,25.8896162407
Sorghum,126492.0,2004,0.0,0.0,0.0,0.0,0.0,0.0,0.0,0.0,0.0,0.0,0.0,0.0,0.0,0.0,0.0,0.0,0.0,0.0,0.0,0.0,0.0,0.0,0.0,0.0,0.0,0.0,0.0,0.0,0.0,0.0,0.0,0.0,0.0,0.0,0.0,0.0,0.0,0.0,0.0,0.0,0.0,0.0,0.0,0.0,0.0,0.0,0.0,0.0,0.0,0.0,0.0,0.0,0.0,0.0,0.0,0.0,0.0,0.0,0.0,0.0,21.51612903,26.16551724,25.76451613,25.76451613,25.76451613,26.09655172,26.04642857,22.5483871,24.76451613,22.5483871,26.04642857,27.33870968,26.16551724,25.23870968,25.899179026568493,26.3555914901,25.786100874420004,25.56808730093607,25.0618703325,25.8896162407
Peanut,703373.0,2005,0.0,0.0,0.0,0.0,0.0,0.0,0.0,0.0,0.0,0.0,0.0,0.0,0.0,0.0,0.0,0.0,0.0,0.0,0.0,0.0,0.0,0.0,0.0,0.0,0.0,0.0,0.0,0.0,0.0,0.0,0.0,0.0,0.0,0.0,0.0,0.0,0.0,0.0,0.0,0.0,0.0,0.0,0.0,0.0,0.0,0.0,0.0,0.0,0.0,0.0,0.0,0.0,0.0,0.0,0.0,0.0,0.0,0.0,0.0,0.0,21.76129032,25.78928571,26.18666667,26.18666667,26.18666667,26.7962963,24.83928571,23.03666667,25.25666667,23.03666667,24.83928571,26.60666667,25.78928571,25.43103448,25.411013895040856,25.479394443,25.76187581458,25.54382736167444,24.589422334,25.6288771846
Corn,399958.0,2005,0.0,0.0,0.0,0.0,0.0,0.0,0.0,0.0,0.0,0.0,0.0,0.0,0.0,0.0,0.0,0.0,0.0,0.0,0.0,0.0,0.0,0.0,0.0,0.0,0.0,0.0,0.0,0.0,0.0,0.0,0.0,0.0,0.0,0.0,0.0,0.0,0.0,0.0,0.0,0.0,0.0,0.0,0.0,0.0,0.0,0.0,0.0,0.0,0.0,0.0,0.0,0.0,0.0,0.0,0.0,0.0,0.0,0.0,0.0,0.0,21.76129032,25.78928571,26.18666667,26.18666667,26.18666667,26.7962963,24.83928571,23.03666667,25.25666667,23.03666667,24.83928571,26.60666667,25.78928571,25.43103448,25.411013895040856,25.479394443,25.76187581458,25.54382736167444,24.589422334,25.6288771846
Millet,608551.0,2005,0.0,0.0,0.0,0.0,0.0,0.0,0.0,0.0,0.0,0.0,0.0,0.0,0.0,0.0,0.0,0.0,0.0,0.0,0.0,0.0,0.0,0.0,0.0,0.0,0.0,0.0,0.0,0.0,0.0,0.0,0.0,0.0,0.0,0.0,0.0,0.0,0.0,0.0,0.0,0.0,0.0,0.0,0.0,0.0,0.0,0.0,0.0,0.0,0.0,0.0,0.0,0.0,0.0,0.0,0.0,0.0,0.0,0.0,0.0,0.0,21.76129032,25.78928571,26.18666667,26.18666667,26.18666667,26.7962963,24.83928571,23.03666667,25.25666667,23.03666667,24.83928571,26.60666667,25.78928571,25.43103448,25.411013895040856,25.479394443,25.76187581458,25.54382736167444,24.589422334,25.6288771846
Rice,279080.0,2005,0.0,0.0,0.0,0.0,0.0,0.0,0.0,0.0,0.0,0.0,0.0,0.0,0.0,0.0,0.0,0.0,0.0,0.0,0.0,0.0,0.0,0.0,0.0,0.0,0.0,0.0,0.0,0.0,0.0,0.0,0.0,0.0,0.0,0.0,0.0,0.0,0.0,0.0,0.0,0.0,0.0,0.0,0.0,0.0,0.0,0.0,0.0,0.0,0.0,0.0,0.0,0.0,0.0,0.0,0.0,0.0,0.0,0.0,0.0,0.0,21.76129032,25.78928571,26.18666667,26.18666667,26.18666667,26.7962963,24.83928571,23.03666667,25.25666667,23.03666667,24.83928571,26.60666667,25.78928571,25.43103448,25.411013895040856,25.479394443,25.76187581458,25.54382736167444,24.589422334,25.6288771846
Sorghum,143989.0,2005,0.0,0.0,0.0,0.0,0.0,0.0,0.0,0.0,0.0,0.0,0.0,0.0,0.0,0.0,0.0,0.0,0.0,0.0,0.0,0.0,0.0,0.0,0.0,0.0,0.0,0.0,0.0,0.0,0.0,0.0,0.0,0.0,0.0,0.0,0.0,0.0,0.0,0.0,0.0,0.0,0.0,0.0,0.0,0.0,0.0,0.0,0.0,0.0,0.0,0.0,0.0,0.0,0.0,0.0,0.0,0.0,0.0,0.0,0.0,0.0,21.76129032,25.78928571,26.18666667,26.18666667,26.18666667,26.7962963,24.83928571,23.03666667,25.25666667,23.03666667,24.83928571,26.60666667,25.78928571,25.43103448,25.411013895040856,25.479394443,25.76187581458,25.54382736167444,24.589422334,25.6288771846
Peanut,460481.0,2006,0.0,0.0,0.0,0.0,0.0,0.0,0.0,0.0,0.0,0.0,0.0,0.0,0.0,0.0,0.0,0.0,0.0,0.0,0.0,0.0,0.0,0.0,0.0,0.0,0.0,0.0,0.0,0.0,0.0,0.0,0.0,0.0,0.0,0.0,0.0,0.0,0.0,0.0,0.0,0.0,0.0,0.0,0.0,0.0,0.0,0.0,0.0,0.0,0.0,0.0,0.0,0.0,0.0,0.0,0.0,0.0,0.0,0.0,0.0,0.0,20.40967742,24.80769231,24.80666667,24.80666667,24.80666667,25.94285714,25.0,22.556,24.28,22.556,25.0,26.30769231,24.80769231,25.268,24.94968157526324,25.3718945061,24.80412845612,24.680042443004066,24.440516115,24.959466077599995
Corn,181585.0,2006,0.0,0.0,0.0,0.0,0.0,0.0,0.0,0.0,0.0,0.0,0.0,0.0,0.0,0.0,0.0,0.0,0.0,0.0,0.0,0.0,0.0,0.0,0.0,0.0,0.0,0.0,0.0,0.0,0.0,0.0,0.0,0.0,0.0,0.0,0.0,0.0,0.0,0.0,0.0,0.0,0.0,0.0,0.0,0.0,0.0,0.0,0.0,0.0,0.0,0.0,0.0,0.0,0.0,0.0,0.0,0.0,0.0,0.0,0.0,0.0,20.40967742,24.80769231,24.80666667,24.80666667,24.80666667,25.94285714,25.0,22.556,24.28,22.556,25.0,26.30769231,24.80769231,25.268,24.94968157526324,25.3718945061,24.80412845612,24.680042443004066,24.440516115,24.959466077599995
Millet,494345.0,2006,0.0,0.0,0.0,0.0,0.0,0.0,0.0,0.0,0.0,0.0,0.0,0.0,0.0,0.0,0.0,0.0,0.0,0.0,0.0,0.0,0.0,0.0,0.0,0.0,0.0,0.0,0.0,0.0,0.0,0.0,0.0,0.0,0.0,0.0,0.0,0.0,0.0,0.0,0.0,0.0,0.0,0.0,0.0,0.0,0.0,0.0,0.0,0.0,0.0,0.0,0.0,0.0,0.0,0.0,0.0,0.0,0.0,0.0,0.0,0.0,20.40967742,24.80769231,24.80666667,24.80666667,24.80666667,25.94285714,25.0,22.556,24.28,22.556,25.0,26.30769231,24.80769231,25.268,24.94968157526324,25.3718945061,24.80412845612,24.680042443004066,24.440516115,24.959466077599995
Rice,190493.0,2006,0.0,0.0,0.0,0.0,0.0,0.0,0.0,0.0,0.0,0.0,0.0,0.0,0.0,0.0,0.0,0.0,0.0,0.0,0.0,0.0,0.0,0.0,0.0,0.0,0.0,0.0,0.0,0.0,0.0,0.0,0.0,0.0,0.0,0.0,0.0,0.0,0.0,0.0,0.0,0.0,0.0,0.0,0.0,0.0,0.0,0.0,0.0,0.0,0.0,0.0,0.0,0.0,0.0,0.0,0.0,0.0,0.0,0.0,0.0,0.0,20.40967742,24.80769231,24.80666667,24.80666667,24.80666667,25.94285714,25.0,22.556,24.28,22.556,25.0,26.30769231,24.80769231,25.268,24.94968157526324,25.3718945061,24.80412845612,24.680042443004066,24.440516115,24.959466077599995
Sorghum,121003.0,2006,0.0,0.0,0.0,0.0,0.0,0.0,0.0,0.0,0.0,0.0,0.0,0.0,0.0,0.0,0.0,0.0,0.0,0.0,0.0,0.0,0.0,0.0,0.0,0.0,0.0,0.0,0.0,0.0,0.0,0.0,0.0,0.0,0.0,0.0,0.0,0.0,0.0,0.0,0.0,0.0,0.0,0.0,0.0,0.0,0.0,0.0,0.0,0.0,0.0,0.0,0.0,0.0,0.0,0.0,0.0,0.0,0.0,0.0,0.0,0.0,20.40967742,24.80769231,24.80666667,24.80666667,24.80666667,25.94285714,25.0,22.556,24.28,22.556,25.0,26.30769231,24.80769231,25.268,24.94968157526324,25.3718945061,24.80412845612,24.680042443004066,24.440516115,24.959466077599995
Peanut,331195.0,2007,0.0,0.0,0.0,0.0,0.0,0.0,0.0,0.0,0.0,0.0,0.0,0.0,0.0,0.0,0.0,0.0,0.0,0.0,0.0,0.0,0.0,0.0,0.0,0.0,0.0,0.0,0.0,0.0,0.0,0.0,0.0,0.0,0.0,0.0,0.0,0.0,0.0,0.0,0.0,0.0,0.0,0.0,0.0,0.0,0.0,0.0,0.0,0.0,0.0,0.0,0.0,0.0,0.0,0.0,0.0,0.0,0.0,0.0,0.0,0.0,22.81935484,23.5,26.60344828,26.60344828,26.60344828,23.3,26.7,23.81935484,25.97857143,23.81935484,26.7,27.76774194,23.5,25.24193548,26.427605626196005,26.757142381799994,26.06031621118,26.027802201231204,25.6679214205,26.4114323876
Corn,158266.0,2007,0.0,0.0,0.0,0.0,0.0,0.0,0.0,0.0,0.0,0.0,0.0,0.0,0.0,0.0,0.0,0.0,0.0,0.0,0.0,0.0,0.0,0.0,0.0,0.0,0.0,0.0,0.0,0.0,0.0,0.0,0.0,0.0,0.0,0.0,0.0,0.0,0.0,0.0,0.0,0.0,0.0,0.0,0.0,0.0,0.0,0.0,0.0,0.0,0.0,0.0,0.0,0.0,0.0,0.0,0.0,0.0,0.0,0.0,0.0,0.0,22.81935484,23.5,26.60344828,26.60344828,26.60344828,23.3,26.7,23.81935484,25.97857143,23.81935484,26.7,27.76774194,23.5,25.24193548,26.427605626196005,26.757142381799994,26.06031621118,26.027802201231204,25.6679214205,26.4114323876
Millet,318822.0,2007,0.0,0.0,0.0,0.0,0.0,0.0,0.0,0.0,0.0,0.0,0.0,0.0,0.0,0.0,0.0,0.0,0.0,0.0,0.0,0.0,0.0,0.0,0.0,0.0,0.0,0.0,0.0,0.0,0.0,0.0,0.0,0.0,0.0,0.0,0.0,0.0,0.0,0.0,0.0,0.0,0.0,0.0,0.0,0.0,0.0,0.0,0.0,0.0,0.0,0.0,0.0,0.0,0.0,0.0,0.0,0.0,0.0,0.0,0.0,0.0,22.81935484,23.5,26.60344828,26.60344828,26.60344828,23.3,26.7,23.81935484,25.97857143,23.81935484,26.7,27.76774194,23.5,25.24193548,26.427605626196005,26.757142381799994,26.06031621118,26.027802201231204,25.6679214205,26.4114323876
Rice,193379.0,2007,0.0,0.0,0.0,0.0,0.0,0.0,0.0,0.0,0.0,0.0,0.0,0.0,0.0,0.0,0.0,0.0,0.0,0.0,0.0,0.0,0.0,0.0,0.0,0.0,0.0,0.0,0.0,0.0,0.0,0.0,0.0,0.0,0.0,0.0,0.0,0.0,0.0,0.0,0.0,0.0,0.0,0.0,0.0,0.0,0.0,0.0,0.0,0.0,0.0,0.0,0.0,0.0,0.0,0.0,0.0,0.0,0.0,0.0,0.0,0.0,22.81935484,23.5,26.60344828,26.60344828,26.60344828,23.3,26.7,23.81935484,25.97857143,23.81935484,26.7,27.76774194,23.5,25.24193548,26.427605626196005,26.757142381799994,26.06031621118,26.027802201231204,25.6679214205,26.4114323876
Sorghum,100704.0,2007,0.0,0.0,0.0,0.0,0.0,0.0,0.0,0.0,0.0,0.0,0.0,0.0,0.0,0.0,0.0,0.0,0.0,0.0,0.0,0.0,0.0,0.0,0.0,0.0,0.0,0.0,0.0,0.0,0.0,0.0,0.0,0.0,0.0,0.0,0.0,0.0,0.0,0.0,0.0,0.0,0.0,0.0,0.0,0.0,0.0,0.0,0.0,0.0,0.0,0.0,0.0,0.0,0.0,0.0,0.0,0.0,0.0,0.0,0.0,0.0,22.81935484,23.5,26.60344828,26.60344828,26.60344828,23.3,26.7,23.81935484,25.97857143,23.81935484,26.7,27.76774194,23.5,25.24193548,26.427605626196005,26.757142381799994,26.06031621118,26.027802201231204,25.6679214205,26.4114323876
Peanut,731210.0,2008,0.0,0.0,0.0,0.0,0.0,0.0,0.0,0.0,0.0,0.0,0.0,0.0,0.0,0.0,0.0,0.0,0.0,0.0,0.0,0.0,0.0,0.0,0.0,0.0,0.0,0.0,0.0,0.0,0.0,0.0,0.0,0.0,0.0,0.0,0.0,0.0,0.0,0.0,0.0,0.0,0.0,0.0,0.0,0.0,0.0,0.0,0.0,0.0,0.0,0.0,0.0,0.0,0.0,0.0,0.0,0.0,0.0,0.0,0.0,0.0,23.27741935,0.0,26.155,26.155,26.155,0.0,0.0,24.63846154,24.09047619,24.63846154,0.0,26.76923077,0.0,26.34074074,12.931687755197904,8.2616076925,17.94312111884,18.467877499513456,11.4073859357,17.210930418100002
Corn,397326.0,2008,0.0,0.0,0.0,0.0,0.0,0.0,0.0,0.0,0.0,0.0,0.0,0.0,0.0,0.0,0.0,0.0,0.0,0.0,0.0,0.0,0.0,0.0,0.0,0.0,0.0,0.0,0.0,0.0,0.0,0.0,0.0,0.0,0.0,0.0,0.0,0.0,0.0,0.0,0.0,0.0,0.0,0.0,0.0,0.0,0.0,0.0,0.0,0.0,0.0,0.0,0.0,0.0,0.0,0.0,0.0,0.0,0.0,0.0,0.0,0.0,23.27741935,0.0,26.155,26.155,26.155,0.0,0.0,24.63846154,24.09047619,24.63846154,0.0,26.76923077,0.0,26.34074074,12.931687755197904,8.2616076925,17.94312111884,18.467877499513456,11.4073859357,17.210930418100002
Millet,678171.0,2008,0.0,0.0,0.0,0.0,0.0,0.0,0.0,0.0,0.0,0.0,0.0,0.0,0.0,0.0,0.0,0.0,0.0,0.0,0.0,0.0,0.0,0.0,0.0,0.0,0.0,0.0,0.0,0.0,0.0,0.0,0.0,0.0,0.0,0.0,0.0,0.0,0.0,0.0,0.0,0.0,0.0,0.0,0.0,0.0,0.0,0.0,0.0,0.0,0.0,0.0,0.0,0.0,0.0,0.0,0.0,0.0,0.0,0.0,0.0,0.0,23.27741935,0.0,26.155,26.155,26.155,0.0,0.0,24.63846154,24.09047619,24.63846154,0.0,26.76923077,0.0,26.34074074,12.931687755197904,8.2616076925,17.94312111884,18.467877499513456,11.4073859357,17.210930418100002
Rice,408219.0,2008,0.0,0.0,0.0,0.0,0.0,0.0,0.0,0.0,0.0,0.0,0.0,0.0,0.0,0.0,0.0,0.0,0.0,0.0,0.0,0.0,0.0,0.0,0.0,0.0,0.0,0.0,0.0,0.0,0.0,0.0,0.0,0.0,0.0,0.0,0.0,0.0,0.0,0.0,0.0,0.0,0.0,0.0,0.0,0.0,0.0,0.0,0.0,0.0,0.0,0.0,0.0,0.0,0.0,0.0,0.0,0.0,0.0,0.0,0.0,0.0,23.27741935,0.0,26.155,26.155,26.155,0.0,0.0,24.63846154,24.09047619,24.63846154,0.0,26.76923077,0.0,26.34074074,12.931687755197904,8.2616076925,17.94312111884,18.467877499513456,11.4073859357,17.210930418100002
Sorghum,251515.0,2008,0.0,0.0,0.0,0.0,0.0,0.0,0.0,0.0,0.0,0.0,0.0,0.0,0.0,0.0,0.0,0.0,0.0,0.0,0.0,0.0,0.0,0.0,0.0,0.0,0.0,0.0,0.0,0.0,0.0,0.0,0.0,0.0,0.0,0.0,0.0,0.0,0.0,0.0,0.0,0.0,0.0,0.0,0.0,0.0,0.0,0.0,0.0,0.0,0.0,0.0,0.0,0.0,0.0,0.0,0.0,0.0,0.0,0.0,0.0,0.0,23.27741935,0.0,26.155,26.155,26.155,0.0,0.0,24.63846154,24.09047619,24.63846154,0.0,26.76923077,0.0,26.34074074,12.931687755197904,8.2616076925,17.94312111884,18.467877499513456,11.4073859357,17.210930418100002
Peanut,1032651.0,2009,0.0,0.0,0.0,0.0,0.0,0.0,0.0,0.0,0.0,0.0,0.0,0.0,0.0,0.0,0.0,0.0,0.0,0.0,0.0,0.0,0.0,0.0,0.0,0.0,0.0,0.0,0.0,0.0,0.0,0.0,0.0,0.0,0.0,0.0,0.0,0.0,0.0,0.0,0.0,0.0,0.0,0.0,0.0,0.0,0.0,0.0,0.0,0.0,0.0,0.0,0.0,0.0,0.0,0.0,0.0,0.0,0.0,0.0,0.0,0.0,20.46129032,23.55806452,24.04193548,24.04193548,24.04193548,24.8862069,23.90967742,21.78064516,23.41935484,21.78064516,23.90967742,25.44193548,23.55806452,23.83548387,24.00342866929371,24.3592691874,23.907475637780003,23.801433065200207,23.3907652946,24.0617886522
Corn,291301.0,2009,0.0,0.0,0.0,0.0,0.0,0.0,0.0,0.0,0.0,0.0,0.0,0.0,0.0,0.0,0.0,0.0,0.0,0.0,0.0,0.0,0.0,0.0,0.0,0.0,0.0,0.0,0.0,0.0,0.0,0.0,0.0,0.0,0.0,0.0,0.0,0.0,0.0,0.0,0.0,0.0,0.0,0.0,0.0,0.0,0.0,0.0,0.0,0.0,0.0,0.0,0.0,0.0,0.0,0.0,0.0,0.0,0.0,0.0,0.0,0.0,20.46129032,23.55806452,24.04193548,24.04193548,24.04193548,24.8862069,23.90967742,21.78064516,23.41935484,21.78064516,23.90967742,25.44193548,23.55806452,23.83548387,24.00342866929371,24.3592691874,23.907475637780003,23.801433065200207,23.3907652946,24.0617886522
Millet,810121.0,2009,0.0,0.0,0.0,0.0,0.0,0.0,0.0,0.0,0.0,0.0,0.0,0.0,0.0,0.0,0.0,0.0,0.0,0.0,0.0,0.0,0.0,0.0,0.0,0.0,0.0,0.0,0.0,0.0,0.0,0.0,0.0,0.0,0.0,0.0,0.0,0.0,0.0,0.0,0.0,0.0,0.0,0.0,0.0,0.0,0.0,0.0,0.0,0.0,0.0,0.0,0.0,0.0,0.0,0.0,0.0,0.0,0.0,0.0,0.0,0.0,20.46129032,23.55806452,24.04193548,24.04193548,24.04193548,24.8862069,23.90967742,21.78064516,23.41935484,21.78064516,23.90967742,25.44193548,23.55806452,23.83548387,24.00342866929371,24.3592691874,23.907475637780003,23.801433065200207,23.3907652946,24.0617886522
Rice,502104.0,2009,0.0,0.0,0.0,0.0,0.0,0.0,0.0,0.0,0.0,0.0,0.0,0.0,0.0,0.0,0.0,0.0,0.0,0.0,0.0,0.0,0.0,0.0,0.0,0.0,0.0,0.0,0.0,0.0,0.0,0.0,0.0,0.0,0.0,0.0,0.0,0.0,0.0,0.0,0.0,0.0,0.0,0.0,0.0,0.0,0.0,0.0,0.0,0.0,0.0,0.0,0.0,0.0,0.0,0.0,0.0,0.0,0.0,0.0,0.0,0.0,20.46129032,23.55806452,24.04193548,24.04193548,24.04193548,24.8862069,23.90967742,21.78064516,23.41935484,21.78064516,23.90967742,25.44193548,23.55806452,23.83548387,24.00342866929371,24.3592691874,23.907475637780003,23.801433065200207,23.3907652946,24.0617886522
Sorghum,224956.0,2009,0.0,0.0,0.0,0.0,0.0,0.0,0.0,0.0,0.0,0.0,0.0,0.0,0.0,0.0,0.0,0.0,0.0,0.0,0.0,0.0,0.0,0.0,0.0,0.0,0.0,0.0,0.0,0.0,0.0,0.0,0.0,0.0,0.0,0.0,0.0,0.0,0.0,0.0,0.0,0.0,0.0,0.0,0.0,0.0,0.0,0.0,0.0,0.0,0.0,0.0,0.0,0.0,0.0,0.0,0.0,0.0,0.0,0.0,0.0,0.0,20.46129032,23.55806452,24.04193548,24.04193548,24.04193548,24.8862069,23.90967742,21.78064516,23.41935484,21.78064516,23.90967742,25.44193548,23.55806452,23.83548387,24.00342866929371,24.3592691874,23.907475637780003,23.801433065200207,23.3907652946,24.0617886522
Peanut,1286855.5,2010,0.0,0.0,0.0,0.0,0.0,0.0,0.0,0.0,0.0,0.0,0.0,0.0,0.0,0.0,0.0,0.0,0.0,0.0,0.0,0.0,0.0,0.0,0.0,0.0,0.0,0.0,0.0,0.0,0.0,0.0,0.0,0.0,0.0,0.0,0.0,0.0,0.0,0.0,0.0,0.0,0.0,0.0,0.0,0.0,0.0,0.0,0.0,0.0,0.0,0.0,0.0,0.0,0.0,0.0,0.0,0.0,0.0,0.0,0.0,0.0,22.46451613,26.57419355,27.08387097,27.08387097,27.08387097,27.77096774,24.46333333,24.48387097,26.07419355,24.48387097,24.46333333,28.04516129,26.57419355,26.41612903,25.819302918116843,25.714480643,26.49939139894,26.28379421457063,24.9663526867,26.2769591398
Corn,186511.03,2010,0.0,0.0,0.0,0.0,0.0,0.0,0.0,0.0,0.0,0.0,0.0,0.0,0.0,0.0,0.0,0.0,0.0,0.0,0.0,0.0,0.0,0.0,0.0,0.0,0.0,0.0,0.0,0.0,0.0,0.0,0.0,0.0,0.0,0.0,0.0,0.0,0.0,0.0,0.0,0.0,0.0,0.0,0.0,0.0,0.0,0.0,0.0,0.0,0.0,0.0,0.0,0.0,0.0,0.0,0.0,0.0,0.0,0.0,0.0,0.0,22.46451613,26.57419355,27.08387097,27.08387097,27.08387097,27.77096774,24.46333333,24.48387097,26.07419355,24.48387097,24.46333333,28.04516129,26.57419355,26.41612903,25.819302918116843,25.714480643,26.49939139894,26.28379421457063,24.9663526867,26.2769591398
Millet,813295.0,2010,0.0,0.0,0.0,0.0,0.0,0.0,0.0,0.0,0.0,0.0,0.0,0.0,0.0,0.0,0.0,0.0,0.0,0.0,0.0,0.0,0.0,0.0,0.0,0.0,0.0,0.0,0.0,0.0,0.0,0.0,0.0,0.0,0.0,0.0,0.0,0.0,0.0,0.0,0.0,0.0,0.0,0.0,0.0,0.0,0.0,0.0,0.0,0.0,0.0,0.0,0.0,0.0,0.0,0.0,0.0,0.0,0.0,0.0,0.0,0.0,22.46451613,26.57419355,27.08387097,27.08387097,27.08387097,27.77096774,24.46333333,24.48387097,26.07419355,24.48387097,24.46333333,28.04516129,26.57419355,26.41612903,25.819302918116843,25.714480643,26.49939139894,26.28379421457063,24.9663526867,26.2769591398
Rice,604043.3,2010,0.0,0.0,0.0,0.0,0.0,0.0,0.0,0.0,0.0,0.0,0.0,0.0,0.0,0.0,0.0,0.0,0.0,0.0,0.0,0.0,0.0,0.0,0.0,0.0,0.0,0.0,0.0,0.0,0.0,0.0,0.0,0.0,0.0,0.0,0.0,0.0,0.0,0.0,0.0,0.0,0.0,0.0,0.0,0.0,0.0,0.0,0.0,0.0,0.0,0.0,0.0,0.0,0.0,0.0,0.0,0.0,0.0,0.0,0.0,0.0,22.46451613,26.57419355,27.08387097,27.08387097,27.08387097,27.77096774,24.46333333,24.48387097,26.07419355,24.48387097,24.46333333,28.04516129,26.57419355,26.41612903,25.819302918116843,25.714480643,26.49939139894,26.28379421457063,24.9663526867,26.2769591398
Sorghum,162598.88,2010,0.0,0.0,0.0,0.0,0.0,0.0,0.0,0.0,0.0,0.0,0.0,0.0,0.0,0.0,0.0,0.0,0.0,0.0,0.0,0.0,0.0,0.0,0.0,0.0,0.0,0.0,0.0,0.0,0.0,0.0,0.0,0.0,0.0,0.0,0.0,0.0,0.0,0.0,0.0,0.0,0.0,0.0,0.0,0.0,0.0,0.0,0.0,0.0,0.0,0.0,0.0,0.0,0.0,0.0,0.0,0.0,0.0,0.0,0.0,0.0,22.46451613,26.57419355,27.08387097,27.08387097,27.08387097,27.77096774,24.46333333,24.48387097,26.07419355,24.48387097,24.46333333,28.04516129,26.57419355,26.41612903,25.819302918116843,25.714480643,26.49939139894,26.28379421457063,24.9663526867,26.2769591398
Peanut,527528.0,2011,0.0,0.0,0.0,0.0,0.0,0.0,0.0,0.0,0.0,0.0,0.0,0.0,0.0,0.0,0.0,0.0,0.0,0.0,0.0,0.0,0.0,0.0,0.0,0.0,0.0,0.0,0.0,0.0,0.0,0.0,0.0,0.0,0.0,0.0,0.0,0.0,0.0,0.0,0.0,0.0,0.0,0.0,0.0,0.0,0.0,0.0,0.0,0.0,0.0,0.0,0.0,0.0,0.0,0.0,0.0,0.0,0.0,0.0,0.0,0.0,23.59354839,25.42258065,25.87096774,25.87096774,25.87096774,25.99677419,25.06129032,22.71935484,25.73870968,22.71935484,25.06129032,27.29032258,25.42258065,24.66451613,25.50107890089965,25.7232580624,25.58845806376,25.425018481756226,24.514419354,25.6717419342
Corn,124092.0,2011,0.0,0.0,0.0,0.0,0.0,0.0,0.0,0.0,0.0,0.0,0.0,0.0,0.0,0.0,0.0,0.0,0.0,0.0,0.0,0.0,0.0,0.0,0.0,0.0,0.0,0.0,0.0,0.0,0.0,0.0,0.0,0.0,0.0,0.0,0.0,0.0,0.0,0.0,0.0,0.0,0.0,0.0,0.0,0.0,0.0,0.0,0.0,0.0,0.0,0.0,0.0,0.0,0.0,0.0,0.0,0.0,0.0,0.0,0.0,0.0,23.59354839,25.42258065,25.87096774,25.87096774,25.87096774,25.99677419,25.06129032,22.71935484,25.73870968,22.71935484,25.06129032,27.29032258,25.42258065,24.66451613,25.50107890089965,25.7232580624,25.58845806376,25.425018481756226,24.514419354,25.6717419342
Millet,480759.0,2011,0.0,0.0,0.0,0.0,0.0,0.0,0.0,0.0,0.0,0.0,0.0,0.0,0.0,0.0,0.0,0.0,0.0,0.0,0.0,0.0,0.0,0.0,0.0,0.0,0.0,0.0,0.0,0.0,0.0,0.0,0.0,0.0,0.0,0.0,0.0,0.0,0.0,0.0,0.0,0.0,0.0,0.0,0.0,0.0,0.0,0.0,0.0,0.0,0.0,0.0,0.0,0.0,0.0,0.0,0.0,0.0,0.0,0.0,0.0,0.0,23.59354839,25.42258065,25.87096774,25.87096774,25.87096774,25.99677419,25.06129032,22.71935484,25.73870968,22.71935484,25.06129032,27.29032258,25.42258065,24.66451613,25.50107890089965,25.7232580624,25.58845806376,25.425018481756226,24.514419354,25.6717419342
Rice,405824.0,2011,0.0,0.0,0.0,0.0,0.0,0.0,0.0,0.0,0.0,0.0,0.0,0.0,0.0,0.0,0.0,0.0,0.0,0.0,0.0,0.0,0.0,0.0,0.0,0.0,0.0,0.0,0.0,0.0,0.0,0.0,0.0,0.0,0.0,0.0,0.0,0.0,0.0,0.0,0.0,0.0,0.0,0.0,0.0,0.0,0.0,0.0,0.0,0.0,0.0,0.0,0.0,0.0,0.0,0.0,0.0,0.0,0.0,0.0,0.0,0.0,23.59354839,25.42258065,25.87096774,25.87096774,25.87096774,25.99677419,25.06129032,22.71935484,25.73870968,22.71935484,25.06129032,27.29032258,25.42258065,24.66451613,25.50107890089965,25.7232580624,25.58845806376,25.425018481756226,24.514419354,25.6717419342
Sorghum,86865.0,2011,0.0,0.0,0.0,0.0,0.0,0.0,0.0,0.0,0.0,0.0,0.0,0.0,0.0,0.0,0.0,0.0,0.0,0.0,0.0,0.0,0.0,0.0,0.0,0.0,0.0,0.0,0.0,0.0,0.0,0.0,0.0,0.0,0.0,0.0,0.0,0.0,0.0,0.0,0.0,0.0,0.0,0.0,0.0,0.0,0.0,0.0,0.0,0.0,0.0,0.0,0.0,0.0,0.0,0.0,0.0,0.0,0.0,0.0,0.0,0.0,23.59354839,25.42258065,25.87096774,25.87096774,25.87096774,25.99677419,25.06129032,22.71935484,25.73870968,22.71935484,25.06129032,27.29032258,25.42258065,24.66451613,25.50107890089965,25.7232580624,25.58845806376,25.425018481756226,24.514419354,25.6717419342
Peanut,692572.0,2012,0.0,0.0,0.0,0.0,0.0,0.0,0.0,0.0,0.0,0.0,0.0,0.0,0.0,0.0,0.0,0.0,0.0,0.0,0.0,0.0,0.0,0.0,0.0,0.0,0.0,0.0,0.0,0.0,0.0,0.0,0.0,0.0,0.0,0.0,0.0,0.0,0.0,0.0,0.0,0.0,0.0,0.0,0.0,0.0,0.0,0.0,0.0,0.0,0.0,0.0,0.0,0.0,0.0,0.0,0.0,0.0,0.0,0.0,0.0,0.0,22.07096774,25.33225806,25.79677419,25.79677419,25.79677419,26.76129032,25.76451613,23.48387097,23.96129032,23.48387097,25.76451613,26.55483871,25.33225806,24.6,25.67905739602724,26.02383871,25.6355612879,25.491612950506912,25.0088709685,25.68964516
Corn,228422.65,2012,0.0,0.0,0.0,0.0,0.0,0.0,0.0,0.0,0.0,0.0,0.0,0.0,0.0,0.0,0.0,0.0,0.0,0.0,0.0,0.0,0.0,0.0,0.0,0.0,0.0,0.0,0.0,0.0,0.0,0.0,0.0,0.0,0.0,0.0,0.0,0.0,0.0,0.0,0.0,0.0,0.0,0.0,0.0,0.0,0.0,0.0,0.0,0.0,0.0,0.0,0.0,0.0,0.0,0.0,0.0,0.0,0.0,0.0,0.0,0.0,22.07096774,25.33225806,25.79677419,25.79677419,25.79677419,26.76129032,25.76451613,23.48387097,23.96129032,23.48387097,25.76451613,26.55483871,25.33225806,24.6,25.67905739602724,26.02383871,25.6355612879,25.491612950506912,25.0088709685,25.68964516
Millet,662614.0,2012,0.0,0.0,0.0,0.0,0.0,0.0,0.0,0.0,0.0,0.0,0.0,0.0,0.0,0.0,0.0,0.0,0.0,0.0,0.0,0.0,0.0,0.0,0.0,0.0,0.0,0.0,0.0,0.0,0.0,0.0,0.0,0.0,0.0,0.0,0.0,0.0,0.0,0.0,0.0,0.0,0.0,0.0,0.0,0.0,0.0,0.0,0.0,0.0,0.0,0.0,0.0,0.0,0.0,0.0,0.0,0.0,0.0,0.0,0.0,0.0,22.07096774,25.33225806,25.79677419,25.79677419,25.79677419,26.76129032,25.76451613,23.48387097,23.96129032,23.48387097,25.76451613,26.55483871,25.33225806,24.6,25.67905739602724,26.02383871,25.6355612879,25.491612950506912,25.0088709685,25.68964516
Rice,469649.0,2012,0.0,0.0,0.0,0.0,0.0,0.0,0.0,0.0,0.0,0.0,0.0,0.0,0.0,0.0,0.0,0.0,0.0,0.0,0.0,0.0,0.0,0.0,0.0,0.0,0.0,0.0,0.0,0.0,0.0,0.0,0.0,0.0,0.0,0.0,0.0,0.0,0.0,0.0,0.0,0.0,0.0,0.0,0.0,0.0,0.0,0.0,0.0,0.0,0.0,0.0,0.0,0.0,0.0,0.0,0.0,0.0,0.0,0.0,0.0,0.0,22.07096774,25.33225806,25.79677419,25.79677419,25.79677419,26.76129032,25.76451613,23.48387097,23.96129032,23.48387097,25.76451613,26.55483871,25.33225806,24.6,25.67905739602724,26.02383871,25.6355612879,25.491612950506912,25.0088709685,25.68964516
Sorghum,137574.0,2012,0.0,0.0,0.0,0.0,0.0,0.0,0.0,0.0,0.0,0.0,0.0,0.0,0.0,0.0,0.0,0.0,0.0,0.0,0.0,0.0,0.0,0.0,0.0,0.0,0.0,0.0,0.0,0.0,0.0,0.0,0.0,0.0,0.0,0.0,0.0,0.0,0.0,0.0,0.0,0.0,0.0,0.0,0.0,0.0,0.0,0.0,0.0,0.0,0.0,0.0,0.0,0.0,0.0,0.0,0.0,0.0,0.0,0.0,0.0,0.0,22.07096774,25.33225806,25.79677419,25.79677419,25.79677419,26.76129032,25.76451613,23.48387097,23.96129032,23.48387097,25.76451613,26.55483871,25.33225806,24.6,25.67905739602724,26.02383871,25.6355612879,25.491612950506912,25.0088709685,25.68964516
Peanut,677456.0,2013,0.0,0.0,0.0,0.0,0.0,0.0,0.0,0.0,0.0,0.0,0.0,0.0,0.0,0.0,0.0,0.0,0.0,0.0,0.0,0.0,0.0,0.0,0.0,0.0,0.0,0.0,0.0,0.0,0.0,0.0,0.0,0.0,0.0,0.0,0.0,0.0,0.0,0.0,0.0,0.0,0.0,0.0,0.0,0.0,0.0,0.0,0.0,0.0,0.0,0.0,0.0,0.0,0.0,0.0,0.0,0.0,0.0,0.0,0.0,0.0,22.10322581,24.98387097,25.11290323,25.11290323,25.11290323,26.58709677,24.32903226,22.99032258,23.57096774,22.99032258,24.32903226,26.46451613,24.98387097,24.28064516,24.78630829423405,25.0454193563,24.93103226112,24.78628115682719,24.064096775,24.9549354862
Corn,225902.0,2013,0.0,0.0,0.0,0.0,0.0,0.0,0.0,0.0,0.0,0.0,0.0,0.0,0.0,0.0,0.0,0.0,0.0,0.0,0.0,0.0,0.0,0.0,0.0,0.0,0.0,0.0,0.0,0.0,0.0,0.0,0.0,0.0,0.0,0.0,0.0,0.0,0.0,0.0,0.0,0.0,0.0,0.0,0.0,0.0,0.0,0.0,0.0,0.0,0.0,0.0,0.0,0.0,0.0,0.0,0.0,0.0,0.0,0.0,0.0,0.0,22.10322581,24.98387097,25.11290323,25.11290323,25.11290323,26.58709677,24.32903226,22.99032258,23.57096774,22.99032258,24.32903226,26.46451613,24.98387097,24.28064516,24.78630829423405,25.0454193563,24.93103226112,24.78628115682719,24.064096775,24.9549354862
Millet,515365.0,2013,0.0,0.0,0.0,0.0,0.0,0.0,0.0,0.0,0.0,0.0,0.0,0.0,0.0,0.0,0.0,0.0,0.0,0.0,0.0,0.0,0.0,0.0,0.0,0.0,0.0,0.0,0.0,0.0,0.0,0.0,0.0,0.0,0.0,0.0,0.0,0.0,0.0,0.0,0.0,0.0,0.0,0.0,0.0,0.0,0.0,0.0,0.0,0.0,0.0,0.0,0.0,0.0,0.0,0.0,0.0,0.0,0.0,0.0,0.0,0.0,22.10322581,24.98387097,25.11290323,25.11290323,25.11290323,26.58709677,24.32903226,22.99032258,23.57096774,22.99032258,24.32903226,26.46451613,24.98387097,24.28064516,24.78630829423405,25.0454193563,24.93103226112,24.78628115682719,24.064096775,24.9549354862
Rice,436153.0,2013,0.0,0.0,0.0,0.0,0.0,0.0,0.0,0.0,0.0,0.0,0.0,0.0,0.0,0.0,0.0,0.0,0.0,0.0,0.0,0.0,0.0,0.0,0.0,0.0,0.0,0.0,0.0,0.0,0.0,0.0,0.0,0.0,0.0,0.0,0.0,0.0,0.0,0.0,0.0,0.0,0.0,0.0,0.0,0.0,0.0,0.0,0.0,0.0,0.0,0.0,0.0,0.0,0.0,0.0,0.0,0.0,0.0,0.0,0.0,0.0,22.10322581,24.98387097,25.11290323,25.11290323,25.11290323,26.58709677,24.32903226,22.99032258,23.57096774,22.99032258,24.32903226,26.46451613,24.98387097,24.28064516,24.78630829423405,25.0454193563,24.93103226112,24.78628115682719,24.064096775,24.9549354862
Sorghum,92029.0,2013,0.0,0.0,0.0,0.0,0.0,0.0,0.0,0.0,0.0,0.0,0.0,0.0,0.0,0.0,0.0,0.0,0.0,0.0,0.0,0.0,0.0,0.0,0.0,0.0,0.0,0.0,0.0,0.0,0.0,0.0,0.0,0.0,0.0,0.0,0.0,0.0,0.0,0.0,0.0,0.0,0.0,0.0,0.0,0.0,0.0,0.0,0.0,0.0,0.0,0.0,0.0,0.0,0.0,0.0,0.0,0.0,0.0,0.0,0.0,0.0,22.10322581,24.98387097,25.11290323,25.11290323,25.11290323,26.58709677,24.32903226,22.99032258,23.57096774,22.99032258,24.32903226,26.46451613,24.98387097,24.28064516,24.78630829423405,25.0454193563,24.93103226112,24.78628115682719,24.064096775,24.9549354862
Peanut,669329.0,2014,0.0,0.0,0.0,0.0,0.0,0.0,0.0,0.0,0.0,0.0,0.0,0.0,0.0,0.0,0.0,0.0,0.0,0.0,0.0,0.0,0.0,0.0,0.0,0.0,0.0,0.0,0.0,0.0,0.0,0.0,0.0,0.0,0.0,0.0,0.0,0.0,0.0,0.0,0.0,0.0,0.0,0.0,0.0,0.0,0.0,0.0,0.0,0.0,0.0,0.0,0.0,0.0,0.0,0.0,0.0,0.0,0.0,0.0,0.0,0.0,20.85483871,0.0,26.32580645,26.32580645,26.32580645,28.04193548,26.75483871,22.7516129,25.63225806,22.7516129,26.75483871,28.49032258,0.0,25.26129032,25.63913982239319,27.2401935481,22.37856774084,23.87176962664193,25.007161289200003,25.5076451603
Corn,178732.0,2014,0.0,0.0,0.0,0.0,0.0,0.0,0.0,0.0,0.0,0.0,0.0,0.0,0.0,0.0,0.0,0.0,0.0,0.0,0.0,0.0,0.0,0.0,0.0,0.0,0.0,0.0,0.0,0.0,0.0,0.0,0.0,0.0,0.0,0.0,0.0,0.0,0.0,0.0,0.0,0.0,0.0,0.0,0.0,0.0,0.0,0.0,0.0,0.0,0.0,0.0,0.0,0.0,0.0,0.0,0.0,0.0,0.0,0.0,0.0,0.0,20.85483871,0.0,26.32580645,26.32580645,26.32580645,28.04193548,26.75483871,22.7516129,25.63225806,22.7516129,26.75483871,28.49032258,0.0,25.26129032,25.63913982239319,27.2401935481,22.37856774084,23.87176962664193,25.007161289200003,25.5076451603
Millet,408993.0,2014,0.0,0.0,0.0,0.0,0.0,0.0,0.0,0.0,0.0,0.0,0.0,0.0,0.0,0.0,0.0,0.0,0.0,0.0,0.0,0.0,0.0,0.0,0.0,0.0,0.0,0.0,0.0,0.0,0.0,0.0,0.0,0.0,0.0,0.0,0.0,0.0,0.0,0.0,0.0,0.0,0.0,0.0,0.0,0.0,0.0,0.0,0.0,0.0,0.0,0.0,0.0,0.0,0.0,0.0,0.0,0.0,0.0,0.0,0.0,0.0,20.85483871,0.0,26.32580645,26.32580645,26.32580645,28.04193548,26.75483871,22.7516129,25.63225806,22.7516129,26.75483871,28.49032258,0.0,25.26129032,25.63913982239319,27.2401935481,22.37856774084,23.87176962664193,25.007161289200003,25.5076451603
Rice,559021.0,2014,0.0,0.0,0.0,0.0,0.0,0.0,0.0,0.0,0.0,0.0,0.0,0.0,0.0,0.0,0.0,0.0,0.0,0.0,0.0,0.0,0.0,0.0,0.0,0.0,0.0,0.0,0.0,0.0,0.0,0.0,0.0,0.0,0.0,0.0,0.0,0.0,0.0,0.0,0.0,0.0,0.0,0.0,0.0,0.0,0.0,0.0,0.0,0.0,0.0,0.0,0.0,0.0,0.0,0.0,0.0,0.0,0.0,0.0,0.0,0.0,20.85483871,0.0,26.32580645,26.32580645,26.32580645,28.04193548,26.75483871,22.7516129,25.63225806,22.7516129,26.75483871,28.49032258,0.0,25.26129032,25.63913982239319,27.2401935481,22.37856774084,23.87176962664193,25.007161289200003,25.5076451603
Sorghum,102323.0,2014,0.0,0.0,0.0,0.0,0.0,0.0,0.0,0.0,0.0,0.0,0.0,0.0,0.0,0.0,0.0,0.0,0.0,0.0,0.0,0.0,0.0,0.0,0.0,0.0,0.0,0.0,0.0,0.0,0.0,0.0,0.0,0.0,0.0,0.0,0.0,0.0,0.0,0.0,0.0,0.0,0.0,0.0,0.0,0.0,0.0,0.0,0.0,0.0,0.0,0.0,0.0,0.0,0.0,0.0,0.0,0.0,0.0,0.0,0.0,0.0,20.85483871,0.0,26.32580645,26.32580645,26.32580645,28.04193548,26.75483871,22.7516129,25.63225806,22.7516129,26.75483871,28.49032258,0.0,25.26129032,25.63913982239319,27.2401935481,22.37856774084,23.87176962664193,25.007161289200003,25.5076451603
Peanut,1050042.0,2015,0.0,0.0,0.0,0.0,0.0,0.0,0.0,0.0,0.0,0.0,0.0,0.0,0.0,0.0,0.0,0.0,0.0,0.0,0.0,0.0,0.0,0.0,0.0,0.0,0.0,0.0,0.0,0.0,0.0,0.0,0.0,0.0,0.0,0.0,0.0,0.0,0.0,0.0,0.0,0.0,0.0,0.0,0.0,0.0,0.0,0.0,0.0,0.0,0.0,0.0,0.0,0.0,0.0,0.0,0.0,0.0,0.0,0.0,0.0,0.0,20.98709677,25.57096774,25.89354839,25.89354839,25.89354839,26.48695652,26.05806452,22.31290323,24.4483871,22.31290323,26.05806452,27.35483871,25.57096774,24.6,25.893402575651937,26.3981206197,25.75886423784,25.545209828689824,24.8991598908,25.890868165
Corn,304296.0,2015,0.0,0.0,0.0,0.0,0.0,0.0,0.0,0.0,0.0,0.0,0.0,0.0,0.0,0.0,0.0,0.0,0.0,0.0,0.0,0.0,0.0,0.0,0.0,0.0,0.0,0.0,0.0,0.0,0.0,0.0,0.0,0.0,0.0,0.0,0.0,0.0,0.0,0.0,0.0,0.0,0.0,0.0,0.0,0.0,0.0,0.0,0.0,0.0,0.0,0.0,0.0,0.0,0.0,0.0,0.0,0.0,0.0,0.0,0.0,0.0,20.98709677,25.57096774,25.89354839,25.89354839,25.89354839,26.48695652,26.05806452,22.31290323,24.4483871,22.31290323,26.05806452,27.35483871,25.57096774,24.6,25.893402575651937,26.3981206197,25.75886423784,25.545209828689824,24.8991598908,25.890868165
Millet,749874.0,2015,0.0,0.0,0.0,0.0,0.0,0.0,0.0,0.0,0.0,0.0,0.0,0.0,0.0,0.0,0.0,0.0,0.0,0.0,0.0,0.0,0.0,0.0,0.0,0.0,0.0,0.0,0.0,0.0,0.0,0.0,0.0,0.0,0.0,0.0,0.0,0.0,0.0,0.0,0.0,0.0,0.0,0.0,0.0,0.0,0.0,0.0,0.0,0.0,0.0,0.0,0.0,0.0,0.0,0.0,0.0,0.0,0.0,0.0,0.0,0.0,20.98709677,25.57096774,25.89354839,25.89354839,25.89354839,26.48695652,26.05806452,22.31290323,24.4483871,22.31290323,26.05806452,27.35483871,25.57096774,24.6,25.893402575651937,26.3981206197,25.75886423784,25.545209828689824,24.8991598908,25.890868165
Rice,906348.0,2015,0.0,0.0,0.0,0.0,0.0,0.0,0.0,0.0,0.0,0.0,0.0,0.0,0.0,0.0,0.0,0.0,0.0,0.0,0.0,0.0,0.0,0.0,0.0,0.0,0.0,0.0,0.0,0.0,0.0,0.0,0.0,0.0,0.0,0.0,0.0,0.0,0.0,0.0,0.0,0.0,0.0,0.0,0.0,0.0,0.0,0.0,0.0,0.0,0.0,0.0,0.0,0.0,0.0,0.0,0.0,0.0,0.0,0.0,0.0,0.0,20.98709677,25.57096774,25.89354839,25.89354839,25.89354839,26.48695652,26.05806452,22.31290323,24.4483871,22.31290323,26.05806452,27.35483871,25.57096774,24.6,25.893402575651937,26.3981206197,25.75886423784,25.545209828689824,24.8991598908,25.890868165
Sorghum,188500.0,2015,0.0,0.0,0.0,0.0,0.0,0.0,0.0,0.0,0.0,0.0,0.0,0.0,0.0,0.0,0.0,0.0,0.0,0.0,0.0,0.0,0.0,0.0,0.0,0.0,0.0,0.0,0.0,0.0,0.0,0.0,0.0,0.0,0.0,0.0,0.0,0.0,0.0,0.0,0.0,0.0,0.0,0.0,0.0,0.0,0.0,0.0,0.0,0.0,0.0,0.0,0.0,0.0,0.0,0.0,0.0,0.0,0.0,0.0,0.0,0.0,20.98709677,25.57096774,25.89354839,25.89354839,25.89354839,26.48695652,26.05806452,22.31290323,24.4483871,22.31290323,26.05806452,27.35483871,25.57096774,24.6,25.893402575651937,26.3981206197,25.75886423784,25.545209828689824,24.8991598908,25.890868165
Peanut,719000.0,2016,0.0,0.0,0.0,0.0,0.0,0.0,0.0,0.0,0.0,0.0,0.0,0.0,0.0,0.0,0.0,0.0,0.0,0.0,0.0,0.0,0.0,0.0,0.0,0.0,0.0,0.0,0.0,0.0,0.0,0.0,0.0,0.0,0.0,0.0,0.0,0.0,0.0,0.0,0.0,0.0,0.0,0.0,0.0,0.0,0.0,0.0,0.0,0.0,0.0,0.0,0.0,0.0,0.0,0.0,0.0,0.0,0.0,0.0,0.0,0.0,24.71612903,26.8483871,27.64,27.64,27.64,27.89354839,25.72580645,25.4516129,26.11935484,25.4516129,25.72580645,28.23225806,26.8483871,26.18,26.64918929873312,26.5973354819,27.12542451592,26.95985166455281,25.8558709662,26.9724903214
Corn,400462.0,2016,0.0,0.0,0.0,0.0,0.0,0.0,0.0,0.0,0.0,0.0,0.0,0.0,0.0,0.0,0.0,0.0,0.0,0.0,0.0,0.0,0.0,0.0,0.0,0.0,0.0,0.0,0.0,0.0,0.0,0.0,0.0,0.0,0.0,0.0,0.0,0.0,0.0,0.0,0.0,0.0,0.0,0.0,0.0,0.0,0.0,0.0,0.0,0.0,0.0,0.0,0.0,0.0,0.0,0.0,0.0,0.0,0.0,0.0,0.0,0.0,24.71612903,26.8483871,27.64,27.64,27.64,27.89354839,25.72580645,25.4516129,26.11935484,25.4516129,25.72580645,28.23225806,26.8483871,26.18,26.64918929873312,26.5973354819,27.12542451592,26.95985166455281,25.8558709662,26.9724903214
Millet,698643.0,2016,0.0,0.0,0.0,0.0,0.0,0.0,0.0,0.0,0.0,0.0,0.0,0.0,0.0,0.0,0.0,0.0,0.0,0.0,0.0,0.0,0.0,0.0,0.0,0.0,0.0,0.0,0.0,0.0,0.0,0.0,0.0,0.0,0.0,0.0,0.0,0.0,0.0,0.0,0.0,0.0,0.0,0.0,0.0,0.0,0.0,0.0,0.0,0.0,0.0,0.0,0.0,0.0,0.0,0.0,0.0,0.0,0.0,0.0,0.0,0.0,24.71612903,26.8483871,27.64,27.64,27.64,27.89354839,25.72580645,25.4516129,26.11935484,25.4516129,25.72580645,28.23225806,26.8483871,26.18,26.64918929873312,26.5973354819,27.12542451592,26.95985166455281,25.8558709662,26.9724903214
Rice,950779.0,2016,0.0,0.0,0.0,0.0,0.0,0.0,0.0,0.0,0.0,0.0,0.0,0.0,0.0,0.0,0.0,0.0,0.0,0.0,0.0,0.0,0.0,0.0,0.0,0.0,0.0,0.0,0.0,0.0,0.0,0.0,0.0,0.0,0.0,0.0,0.0,0.0,0.0,0.0,0.0,0.0,0.0,0.0,0.0,0.0,0.0,0.0,0.0,0.0,0.0,0.0,0.0,0.0,0.0,0.0,0.0,0.0,0.0,0.0,0.0,0.0,24.71612903,26.8483871,27.64,27.64,27.64,27.89354839,25.72580645,25.4516129,26.11935484,25.4516129,25.72580645,28.23225806,26.8483871,26.18,26.64918929873312,26.5973354819,27.12542451592,26.95985166455281,25.8558709662,26.9724903214
Sorghum,193452.0,2016,0.0,0.0,0.0,0.0,0.0,0.0,0.0,0.0,0.0,0.0,0.0,0.0,0.0,0.0,0.0,0.0,0.0,0.0,0.0,0.0,0.0,0.0,0.0,0.0,0.0,0.0,0.0,0.0,0.0,0.0,0.0,0.0,0.0,0.0,0.0,0.0,0.0,0.0,0.0,0.0,0.0,0.0,0.0,0.0,0.0,0.0,0.0,0.0,0.0,0.0,0.0,0.0,0.0,0.0,0.0,0.0,0.0,0.0,0.0,0.0,24.71612903,26.8483871,27.64,27.64,27.64,27.89354839,25.72580645,25.4516129,26.11935484,25.4516129,25.72580645,28.23225806,26.8483871,26.18,26.64918929873312,26.5973354819,27.12542451592,26.95985166455281,25.8558709662,26.9724903214
Peanut,1405223.0,2017,0.0,0.0,0.0,0.0,0.0,0.0,0.0,0.0,0.0,0.0,0.0,0.0,0.0,0.0,0.0,0.0,0.0,0.0,0.0,0.0,0.0,0.0,0.0,0.0,0.0,0.0,0.0,0.0,0.0,0.0,0.0,0.0,0.0,0.0,0.0,0.0,0.0,0.0,0.0,0.0,0.0,0.0,0.0,0.0,0.0,0.0,0.0,0.0,0.0,0.0,0.0,0.0,0.0,0.0,0.0,0.0,0.0,0.0,0.0,0.0,22.55483871,24.76774194,26.62258065,26.62258065,26.62258065,27.80967742,24.77741935,23.30967742,24.7483871,23.30967742,24.77741935,27.40645161,24.76774194,24.78387097,25.593200765416487,25.7273225772,25.91070322834,25.755087608829037,24.5301290305,25.900612903600003
Corn,410364.0,2017,0.0,0.0,0.0,0.0,0.0,0.0,0.0,0.0,0.0,0.0,0.0,0.0,0.0,0.0,0.0,0.0,0.0,0.0,0.0,0.0,0.0,0.0,0.0,0.0,0.0,0.0,0.0,0.0,0.0,0.0,0.0,0.0,0.0,0.0,0.0,0.0,0.0,0.0,0.0,0.0,0.0,0.0,0.0,0.0,0.0,0.0,0.0,0.0,0.0,0.0,0.0,0.0,0.0,0.0,0.0,0.0,0.0,0.0,0.0,0.0,22.55483871,24.76774194,26.62258065,26.62258065,26.62258065,27.80967742,24.77741935,23.30967742,24.7483871,23.30967742,24.77741935,27.40645161,24.76774194,24.78387097,25.593200765416487,25.7273225772,25.91070322834,25.755087608829037,24.5301290305,25.900612903600003
Millet,875484.0,2017,0.0,0.0,0.0,0.0,0.0,0.0,0.0,0.0,0.0,0.0,0.0,0.0,0.0,0.0,0.0,0.0,0.0,0.0,0.0,0.0,0.0,0.0,0.0,0.0,0.0,0.0,0.0,0.0,0.0,0.0,0.0,0.0,0.0,0.0,0.0,0.0,0.0,0.0,0.0,0.0,0.0,0.0,0.0,0.0,0.0,0.0,0.0,0.0,0.0,0.0,0.0,0.0,0.0,0.0,0.0,0.0,0.0,0.0,0.0,0.0,22.55483871,24.76774194,26.62258065,26.62258065,26.62258065,27.80967742,24.77741935,23.30967742,24.7483871,23.30967742,24.77741935,27.40645161,24.76774194,24.78387097,25.593200765416487,25.7273225772,25.91070322834,25.755087608829037,24.5301290305,25.900612903600003
Rice,1011269.0,2017,0.0,0.0,0.0,0.0,0.0,0.0,0.0,0.0,0.0,0.0,0.0,0.0,0.0,0.0,0.0,0.0,0.0,0.0,0.0,0.0,0.0,0.0,0.0,0.0,0.0,0.0,0.0,0.0,0.0,0.0,0.0,0.0,0.0,0.0,0.0,0.0,0.0,0.0,0.0,0.0,0.0,0.0,0.0,0.0,0.0,0.0,0.0,0.0,0.0,0.0,0.0,0.0,0.0,0.0,0.0,0.0,0.0,0.0,0.0,0.0,22.55483871,24.76774194,26.62258065,26.62258065,26.62258065,27.80967742,24.77741935,23.30967742,24.7483871,23.30967742,24.77741935,27.40645161,24.76774194,24.78387097,25.593200765416487,25.7273225772,25.91070322834,25.755087608829037,24.5301290305,25.900612903600003
Sorghum,215491.0,2017,0.0,0.0,0.0,0.0,0.0,0.0,0.0,0.0,0.0,0.0,0.0,0.0,0.0,0.0,0.0,0.0,0.0,0.0,0.0,0.0,0.0,0.0,0.0,0.0,0.0,0.0,0.0,0.0,0.0,0.0,0.0,0.0,0.0,0.0,0.0,0.0,0.0,0.0,0.0,0.0,0.0,0.0,0.0,0.0,0.0,0.0,0.0,0.0,0.0,0.0,0.0,0.0,0.0,0.0,0.0,0.0,0.0,0.0,0.0,0.0,22.55483871,24.76774194,26.62258065,26.62258065,26.62258065,27.80967742,24.77741935,23.30967742,24.7483871,23.30967742,24.77741935,27.40645161,24.76774194,24.78387097,25.593200765416487,25.7273225772,25.91070322834,25.755087608829037,24.5301290305,25.900612903600003
Peanut,1500588.37,2018,0.0,0.0,0.0,0.0,0.0,0.0,0.0,0.0,0.0,0.0,0.0,0.0,0.0,0.0,0.0,0.0,0.0,0.0,0.0,0.0,0.0,0.0,0.0,0.0,0.0,0.0,0.0,0.0,0.0,0.0,0.0,0.0,0.0,0.0,0.0,0.0,0.0,0.0,0.0,0.0,0.0,0.0,0.0,0.0,0.0,0.0,0.0,0.0,0.0,0.0,0.0,0.0,0.0,0.0,0.0,0.0,0.0,0.0,0.0,0.0,20.27096774,24.4483871,26.08709677,26.08709677,26.08709677,27.2,24.46129032,22.68709677,24.86774194,22.68709677,24.46129032,27.20645161,24.4483871,25.11612903,25.199293952480648,25.409451610300003,25.45773548116,25.28929958457189,24.2235161263,25.4827419326
Corn,485672.51,2018,0.0,0.0,0.0,0.0,0.0,0.0,0.0,0.0,0.0,0.0,0.0,0.0,0.0,0.0,0.0,0.0,0.0,0.0,0.0,0.0,0.0,0.0,0.0,0.0,0.0,0.0,0.0,0.0,0.0,0.0,0.0,0.0,0.0,0.0,0.0,0.0,0.0,0.0,0.0,0.0,0.0,0.0,0.0,0.0,0.0,0.0,0.0,0.0,0.0,0.0,0.0,0.0,0.0,0.0,0.0,0.0,0.0,0.0,0.0,0.0,20.27096774,24.4483871,26.08709677,26.08709677,26.08709677,27.2,24.46129032,22.68709677,24.86774194,22.68709677,24.46129032,27.20645161,24.4483871,25.11612903,25.199293952480648,25.409451610300003,25.45773548116,25.28929958457189,24.2235161263,25.4827419326
Millet,897574.18,2018,0.0,0.0,0.0,0.0,0.0,0.0,0.0,0.0,0.0,0.0,0.0,0.0,0.0,0.0,0.0,0.0,0.0,0.0,0.0,0.0,0.0,0.0,0.0,0.0,0.0,0.0,0.0,0.0,0.0,0.0,0.0,0.0,0.0,0.0,0.0,0.0,0.0,0.0,0.0,0.0,0.0,0.0,0.0,0.0,0.0,0.0,0.0,0.0,0.0,0.0,0.0,0.0,0.0,0.0,0.0,0.0,0.0,0.0,0.0,0.0,20.27096774,24.4483871,26.08709677,26.08709677,26.08709677,27.2,24.46129032,22.68709677,24.86774194,22.68709677,24.46129032,27.20645161,24.4483871,25.11612903,25.199293952480648,25.409451610300003,25.45773548116,25.28929958457189,24.2235161263,25.4827419326
Rice,1206587.27,2018,0.0,0.0,0.0,0.0,0.0,0.0,0.0,0.0,0.0,0.0,0.0,0.0,0.0,0.0,0.0,0.0,0.0,0.0,0.0,0.0,0.0,0.0,0.0,0.0,0.0,0.0,0.0,0.0,0.0,0.0,0.0,0.0,0.0,0.0,0.0,0.0,0.0,0.0,0.0,0.0,0.0,0.0,0.0,0.0,0.0,0.0,0.0,0.0,0.0,0.0,0.0,0.0,0.0,0.0,0.0,0.0,0.0,0.0,0.0,0.0,20.27096774,24.4483871,26.08709677,26.08709677,26.08709677,27.2,24.46129032,22.68709677,24.86774194,22.68709677,24.46129032,27.20645161,24.4483871,25.11612903,25.199293952480648,25.409451610300003,25.45773548116,25.28929958457189,24.2235161263,25.4827419326
Sorghum,295463.11,2018,0.0,0.0,0.0,0.0,0.0,0.0,0.0,0.0,0.0,0.0,0.0,0.0,0.0,0.0,0.0,0.0,0.0,0.0,0.0,0.0,0.0,0.0,0.0,0.0,0.0,0.0,0.0,0.0,0.0,0.0,0.0,0.0,0.0,0.0,0.0,0.0,0.0,0.0,0.0,0.0,0.0,0.0,0.0,0.0,0.0,0.0,0.0,0.0,0.0,0.0,0.0,0.0,0.0,0.0,0.0,0.0,0.0,0.0,0.0,0.0,20.27096774,24.4483871,26.08709677,26.08709677,26.08709677,27.2,24.46129032,22.68709677,24.86774194,22.68709677,24.46129032,27.20645161,24.4483871,25.11612903,25.199293952480648,25.409451610300003,25.45773548116,25.28929958457189,24.2235161263,25.4827419326
Peanut,1421288.11,2019,0.0,0.0,0.0,0.0,0.0,0.0,0.0,0.0,0.0,0.0,0.0,0.0,0.0,0.0,0.0,0.0,0.0,0.0,0.0,0.0,0.0,0.0,0.0,0.0,0.0,0.0,0.0,0.0,0.0,0.0,0.0,0.0,0.0,0.0,0.0,0.0,0.0,0.0,0.0,0.0,0.0,0.0,0.0,0.0,0.0,0.0,0.0,0.0,0.0,0.0,0.0,0.0,0.0,0.0,0.0,0.0,0.0,0.0,0.0,0.0,21.9483871,25.69677419,26.78709677,26.78709677,26.78709677,28.47096774,24.59032258,23.34516129,25.3,23.34516129,24.59032258,27.69354839,25.69677419,25.76774194,25.654595031268457,25.7307741935,26.13614838424,25.930714333491245,24.6308709679,26.0315806438
Corn,530704.97,2019,0.0,0.0,0.0,0.0,0.0,0.0,0.0,0.0,0.0,0.0,0.0,0.0,0.0,0.0,0.0,0.0,0.0,0.0,0.0,0.0,0.0,0.0,0.0,0.0,0.0,0.0,0.0,0.0,0.0,0.0,0.0,0.0,0.0,0.0,0.0,0.0,0.0,0.0,0.0,0.0,0.0,0.0,0.0,0.0,0.0,0.0,0.0,0.0,0.0,0.0,0.0,0.0,0.0,0.0,0.0,0.0,0.0,0.0,0.0,0.0,21.9483871,25.69677419,26.78709677,26.78709677,26.78709677,28.47096774,24.59032258,23.34516129,25.3,23.34516129,24.59032258,27.69354839,25.69677419,25.76774194,25.654595031268457,25.7307741935,26.13614838424,25.930714333491245,24.6308709679,26.0315806438
Millet,807044.07,2019,0.0,0.0,0.0,0.0,0.0,0.0,0.0,0.0,0.0,0.0,0.0,0.0,0.0,0.0,0.0,0.0,0.0,0.0,0.0,0.0,0.0,0.0,0.0,0.0,0.0,0.0,0.0,0.0,0.0,0.0,0.0,0.0,0.0,0.0,0.0,0.0,0.0,0.0,0.0,0.0,0.0,0.0,0.0,0.0,0.0,0.0,0.0,0.0,0.0,0.0,0.0,0.0,0.0,0.0,0.0,0.0,0.0,0.0,0.0,0.0,21.9483871,25.69677419,26.78709677,26.78709677,26.78709677,28.47096774,24.59032258,23.34516129,25.3,23.34516129,24.59032258,27.69354839,25.69677419,25.76774194,25.654595031268457,25.7307741935,26.13614838424,25.930714333491245,24.6308709679,26.0315806438
Rice,1155730.28,2019,0.0,0.0,0.0,0.0,0.0,0.0,0.0,0.0,0.0,0.0,0.0,0.0,0.0,0.0,0.0,0.0,0.0,0.0,0.0,0.0,0.0,0.0,0.0,0.0,0.0,0.0,0.0,0.0,0.0,0.0,0.0,0.0,0.0,0.0,0.0,0.0,0.0,0.0,0.0,0.0,0.0,0.0,0.0,0.0,0.0,0.0,0.0,0.0,0.0,0.0,0.0,0.0,0.0,0.0,0.0,0.0,0.0,0.0,0.0,0.0,21.9483871,25.69677419,26.78709677,26.78709677,26.78709677,28.47096774,24.59032258,23.34516129,25.3,23.34516129,24.59032258,27.69354839,25.69677419,25.76774194,25.654595031268457,25.7307741935,26.13614838424,25.930714333491245,24.6308709679,26.0315806438
Sorghum,270168.31,2019,0.0,0.0,0.0,0.0,0.0,0.0,0.0,0.0,0.0,0.0,0.0,0.0,0.0,0.0,0.0,0.0,0.0,0.0,0.0,0.0,0.0,0.0,0.0,0.0,0.0,0.0,0.0,0.0,0.0,0.0,0.0,0.0,0.0,0.0,0.0,0.0,0.0,0.0,0.0,0.0,0.0,0.0,0.0,0.0,0.0,0.0,0.0,0.0,0.0,0.0,0.0,0.0,0.0,0.0,0.0,0.0,0.0,0.0,0.0,0.0,21.9483871,25.69677419,26.78709677,26.78709677,26.78709677,28.47096774,24.59032258,23.34516129,25.3,23.34516129,24.59032258,27.69354839,25.69677419,25.76774194,25.654595031268457,25.7307741935,26.13614838424,25.930714333491245,24.6308709679,26.0315806438
Peanut,1797486.11,2020,0.0,0.0,0.0,0.0,0.0,0.0,0.0,0.0,0.0,0.0,0.0,0.0,0.0,0.0,0.0,0.0,0.0,0.0,0.0,0.0,0.0,0.0,0.0,0.0,0.0,0.0,0.0,0.0,0.0,0.0,0.0,0.0,0.0,0.0,0.0,0.0,0.0,0.0,0.0,0.0,0.0,0.0,0.0,0.0,0.0,0.0,0.0,0.0,0.0,0.0,0.0,0.0,0.0,0.0,0.0,0.0,0.0,0.0,0.0,0.0,22.62258065,26.47741935,27.05806452,27.05806452,27.05806452,27.24193548,25.46129032,23.9516129,25.10967742,23.9516129,25.46129032,27.37419355,26.47741935,25.61290323,26.11360220125627,26.1421612891,26.55762580746,26.316410189607836,25.2115806438,26.3643225815
Corn,761883.04,2020,0.0,0.0,0.0,0.0,0.0,0.0,0.0,0.0,0.0,0.0,0.0,0.0,0.0,0.0,0.0,0.0,0.0,0.0,0.0,0.0,0.0,0.0,0.0,0.0,0.0,0.0,0.0,0.0,0.0,0.0,0.0,0.0,0.0,0.0,0.0,0.0,0.0,0.0,0.0,0.0,0.0,0.0,0.0,0.0,0.0,0.0,0.0,0.0,0.0,0.0,0.0,0.0,0.0,0.0,0.0,0.0,0.0,0.0,0.0,0.0,22.62258065,26.47741935,27.05806452,27.05806452,27.05806452,27.24193548,25.46129032,23.9516129,25.10967742,23.9516129,25.46129032,27.37419355,26.47741935,25.61290323,26.11360220125627,26.1421612891,26.55762580746,26.316410189607836,25.2115806438,26.3643225815
Millet,1144854.92,2020,0.0,0.0,0.0,0.0,0.0,0.0,0.0,0.0,0.0,0.0,0.0,0.0,0.0,0.0,0.0,0.0,0.0,0.0,0.0,0.0,0.0,0.0,0.0,0.0,0.0,0.0,0.0,0.0,0.0,0.0,0.0,0.0,0.0,0.0,0.0,0.0,0.0,0.0,0.0,0.0,0.0,0.0,0.0,0.0,0.0,0.0,0.0,0.0,0.0,0.0,0.0,0.0,0.0,0.0,0.0,0.0,0.0,0.0,0.0,0.0,22.62258065,26.47741935,27.05806452,27.05806452,27.05806452,27.24193548,25.46129032,23.9516129,25.10967742,23.9516129,25.46129032,27.37419355,26.47741935,25.61290323,26.11360220125627,26.1421612891,26.55762580746,26.316410189607836,25.2115806438,26.3643225815
Rice,1349723.01,2020,0.0,0.0,0.0,0.0,0.0,0.0,0.0,0.0,0.0,0.0,0.0,0.0,0.0,0.0,0.0,0.0,0.0,0.0,0.0,0.0,0.0,0.0,0.0,0.0,0.0,0.0,0.0,0.0,0.0,0.0,0.0,0.0,0.0,0.0,0.0,0.0,0.0,0.0,0.0,0.0,0.0,0.0,0.0,0.0,0.0,0.0,0.0,0.0,0.0,0.0,0.0,0.0,0.0,0.0,0.0,0.0,0.0,0.0,0.0,0.0,22.62258065,26.47741935,27.05806452,27.05806452,27.05806452,27.24193548,25.46129032,23.9516129,25.10967742,23.9516129,25.46129032,27.37419355,26.47741935,25.61290323,26.11360220125627,26.1421612891,26.55762580746,26.316410189607836,25.2115806438,26.3643225815
Sorghum,377322.86,2020,0.0,0.0,0.0,0.0,0.0,0.0,0.0,0.0,0.0,0.0,0.0,0.0,0.0,0.0,0.0,0.0,0.0,0.0,0.0,0.0,0.0,0.0,0.0,0.0,0.0,0.0,0.0,0.0,0.0,0.0,0.0,0.0,0.0,0.0,0.0,0.0,0.0,0.0,0.0,0.0,0.0,0.0,0.0,0.0,0.0,0.0,0.0,0.0,0.0,0.0,0.0,0.0,0.0,0.0,0.0,0.0,0.0,0.0,0.0,0.0,22.62258065,26.47741935,27.05806452,27.05806452,27.05806452,27.24193548,25.46129032,23.9516129,25.10967742,23.9516129,25.46129032,27.37419355,26.47741935,25.61290323,26.11360220125627,26.1421612891,26.55762580746,26.316410189607836,25.2115806438,26.3643225815
Peanut,1677803.56,2021,0.0,0.0,0.0,0.0,0.0,0.0,0.0,0.0,0.0,0.0,0.0,0.0,0.0,0.0,0.0,0.0,0.0,0.0,0.0,0.0,0.0,0.0,0.0,0.0,0.0,0.0,0.0,0.0,0.0,0.0,0.0,0.0,0.0,0.0,0.0,0.0,0.0,0.0,0.0,0.0,0.0,0.0,0.0,0.0,0.0,0.0,0.0,0.0,0.0,0.0,0.0,0.0,0.0,0.0,0.0,0.0,0.0,0.0,0.0,0.0,21.4516129,26.64193548,27.84193548,27.84193548,27.84193548,29.07096774,26.17419355,24.48709677,26.52903226,24.48709677,26.17419355,28.81935484,26.64193548,26.13225806,26.91107532005197,27.1093548397,27.26292257796,27.048064565296315,25.8505806441,27.1952580632
Corn,754620.83,2021,0.0,0.0,0.0,0.0,0.0,0.0,0.0,0.0,0.0,0.0,0.0,0.0,0.0,0.0,0.0,0.0,0.0,0.0,0.0,0.0,0.0,0.0,0.0,0.0,0.0,0.0,0.0,0.0,0.0,0.0,0.0,0.0,0.0,0.0,0.0,0.0,0.0,0.0,0.0,0.0,0.0,0.0,0.0,0.0,0.0,0.0,0.0,0.0,0.0,0.0,0.0,0.0,0.0,0.0,0.0,0.0,0.0,0.0,0.0,0.0,21.4516129,26.64193548,27.84193548,27.84193548,27.84193548,29.07096774,26.17419355,24.48709677,26.52903226,24.48709677,26.17419355,28.81935484,26.64193548,26.13225806,26.91107532005197,27.1093548397,27.26292257796,27.048064565296315,25.8505806441,27.1952580632
Millet,1039859.75,2021,0.0,0.0,0.0,0.0,0.0,0.0,0.0,0.0,0.0,0.0,0.0,0.0,0.0,0.0,0.0,0.0,0.0,0.0,0.0,0.0,0.0,0.0,0.0,0.0,0.0,0.0,0.0,0.0,0.0,0.0,0.0,0.0,0.0,0.0,0.0,0.0,0.0,0.0,0.0,0.0,0.0,0.0,0.0,0.0,0.0,0.0,0.0,0.0,0.0,0.0,0.0,0.0,0.0,0.0,0.0,0.0,0.0,0.0,0.0,0.0,21.4516129,26.64193548,27.84193548,27.84193548,27.84193548,29.07096774,26.17419355,24.48709677,26.52903226,24.48709677,26.17419355,28.81935484,26.64193548,26.13225806,26.91107532005197,27.1093548397,27.26292257796,27.048064565296315,25.8505806441,27.1952580632
Rice,1382119.93,2021,0.0,0.0,0.0,0.0,0.0,0.0,0.0,0.0,0.0,0.0,0.0,0.0,0.0,0.0,0.0,0.0,0.0,0.0,0.0,0.0,0.0,0.0,0.0,0.0,0.0,0.0,0.0,0.0,0.0,0.0,0.0,0.0,0.0,0.0,0.0,0.0,0.0,0.0,0.0,0.0,0.0,0.0,0.0,0.0,0.0,0.0,0.0,0.0,0.0,0.0,0.0,0.0,0.0,0.0,0.0,0.0,0.0,0.0,0.0,0.0,21.4516129,26.64193548,27.84193548,27.84193548,27.84193548,29.07096774,26.17419355,24.48709677,26.52903226,24.48709677,26.17419355,28.81935484,26.64193548,26.13225806,26.91107532005197,27.1093548397,27.26292257796,27.048064565296315,25.8505806441,27.1952580632
Sorghum,352474.34,2021,0.0,0.0,0.0,0.0,0.0,0.0,0.0,0.0,0.0,0.0,0.0,0.0,0.0,0.0,0.0,0.0,0.0,0.0,0.0,0.0,0.0,0.0,0.0,0.0,0.0,0.0,0.0,0.0,0.0,0.0,0.0,0.0,0.0,0.0,0.0,0.0,0.0,0.0,0.0,0.0,0.0,0.0,0.0,0.0,0.0,0.0,0.0,0.0,0.0,0.0,0.0,0.0,0.0,0.0,0.0,0.0,0.0,0.0,0.0,0.0,21.4516129,26.64193548,27.84193548,27.84193548,27.84193548,29.07096774,26.17419355,24.48709677,26.52903226,24.48709677,26.17419355,28.81935484,26.64193548,26.13225806,26.91107532005197,27.1093548397,27.26292257796,27.048064565296315,25.8505806441,27.1952580632
Peanut,1501498.0,2022,0.0,0.0,0.0,0.0,0.0,0.0,0.0,0.0,0.0,0.0,0.0,0.0,0.0,0.0,0.0,0.0,0.0,0.0,0.0,0.0,0.0,0.0,0.0,0.0,0.0,0.0,0.0,0.0,0.0,0.0,0.0,0.0,0.0,0.0,0.0,0.0,0.0,0.0,0.0,0.0,0.0,0.0,0.0,0.0,0.0,0.0,0.0,0.0,0.0,0.0,0.0,0.0,0.0,0.0,0.0,0.0,0.0,0.0,0.0,0.0,24.52903226,27.49677419,28.0,28.0,28.0,27.9,27.34193548,24.99677419,27.22258065,24.99677419,27.34193548,29.09354839,27.49677419,26.28387097,27.61354485450501,27.8528064499,27.716541934340004,27.52845166496313,26.6498709653,27.7400967735
Corn,787750.0,2022,0.0,0.0,0.0,0.0,0.0,0.0,0.0,0.0,0.0,0.0,0.0,0.0,0.0,0.0,0.0,0.0,0.0,0.0,0.0,0.0,0.0,0.0,0.0,0.0,0.0,0.0,0.0,0.0,0.0,0.0,0.0,0.0,0.0,0.0,0.0,0.0,0.0,0.0,0.0,0.0,0.0,0.0,0.0,0.0,0.0,0.0,0.0,0.0,0.0,0.0,0.0,0.0,0.0,0.0,0.0,0.0,0.0,0.0,0.0,0.0,24.52903226,27.49677419,28.0,28.0,28.0,27.9,27.34193548,24.99677419,27.22258065,24.99677419,27.34193548,29.09354839,27.49677419,26.28387097,27.61354485450501,27.8528064499,27.716541934340004,27.52845166496313,26.6498709653,27.7400967735
Millet,1097033.0,2022,0.0,0.0,0.0,0.0,0.0,0.0,0.0,0.0,0.0,0.0,0.0,0.0,0.0,0.0,0.0,0.0,0.0,0.0,0.0,0.0,0.0,0.0,0.0,0.0,0.0,0.0,0.0,0.0,0.0,0.0,0.0,0.0,0.0,0.0,0.0,0.0,0.0,0.0,0.0,0.0,0.0,0.0,0.0,0.0,0.0,0.0,0.0,0.0,0.0,0.0,0.0,0.0,0.0,0.0,0.0,0.0,0.0,0.0,0.0,0.0,24.52903226,27.49677419,28.0,28.0,28.0,27.9,27.34193548,24.99677419,27.22258065,24.99677419,27.34193548,29.09354839,27.49677419,26.28387097,27.61354485450501,27.8528064499,27.716541934340004,27.52845166496313,26.6498709653,27.7400967735
Rice,1409120.0,2022,0.0,0.0,0.0,0.0,0.0,0.0,0.0,0.0,0.0,0.0,0.0,0.0,0.0,0.0,0.0,0.0,0.0,0.0,0.0,0.0,0.0,0.0,0.0,0.0,0.0,0.0,0.0,0.0,0.0,0.0,0.0,0.0,0.0,0.0,0.0,0.0,0.0,0.0,0.0,0.0,0.0,0.0,0.0,0.0,0.0,0.0,0.0,0.0,0.0,0.0,0.0,0.0,0.0,0.0,0.0,0.0,0.0,0.0,0.0,0.0,24.52903226,27.49677419,28.0,28.0,28.0,27.9,27.34193548,24.99677419,27.22258065,24.99677419,27.34193548,29.09354839,27.49677419,26.28387097,27.61354485450501,27.8528064499,27.716541934340004,27.52845166496313,26.6498709653,27.7400967735
Sorghum,363164.0,2022,0.0,0.0,0.0,0.0,0.0,0.0,0.0,0.0,0.0,0.0,0.0,0.0,0.0,0.0,0.0,0.0,0.0,0.0,0.0,0.0,0.0,0.0,0.0,0.0,0.0,0.0,0.0,0.0,0.0,0.0,0.0,0.0,0.0,0.0,0.0,0.0,0.0,0.0,0.0,0.0,0.0,0.0,0.0,0.0,0.0,0.0,0.0,0.0,0.0,0.0,0.0,0.0,0.0,0.0,0.0,0.0,0.0,0.0,0.0,0.0,24.52903226,27.49677419,28.0,28.0,28.0,27.9,27.34193548,24.99677419,27.22258065,24.99677419,27.34193548,29.09354839,27.49677419,26.28387097,27.61354485450501,27.8528064499,27.716541934340004,27.52845166496313,26.6498709653,27.7400967735
Peanut,1728000.0,2023,0.0,0.0,0.0,0.0,0.0,0.0,0.0,0.0,0.0,0.0,0.0,0.0,0.0,0.0,0.0,0.0,0.0,0.0,0.0,0.0,0.0,0.0,0.0,0.0,0.0,0.0,0.0,0.0,0.0,0.0,0.0,0.0,0.0,0.0,0.0,0.0,0.0,0.0,0.0,0.0,0.0,0.0,0.0,0.0,0.0,0.0,0.0,0.0,0.0,0.0,0.0,0.0,0.0,0.0,0.0,0.0,0.0,0.0,0.0,0.0,23.38064516,26.0483871,26.55483871,26.55483871,26.55483871,27.8483871,25.81612903,23.96774194,26.00967742,23.96774194,25.81612903,27.89354839,26.0483871,25.08387097,26.217182846379924,26.501741935,26.29867742008,26.159092217529956,25.319322581,26.3739032262
Corn,929000.0,2023,0.0,0.0,0.0,0.0,0.0,0.0,0.0,0.0,0.0,0.0,0.0,0.0,0.0,0.0,0.0,0.0,0.0,0.0,0.0,0.0,0.0,0.0,0.0,0.0,0.0,0.0,0.0,0.0,0.0,0.0,0.0,0.0,0.0,0.0,0.0,0.0,0.0,0.0,0.0,0.0,0.0,0.0,0.0,0.0,0.0,0.0,0.0,0.0,0.0,0.0,0.0,0.0,0.0,0.0,0.0,0.0,0.0,0.0,0.0,0.0,23.38064516,26.0483871,26.55483871,26.55483871,26.55483871,27.8483871,25.81612903,23.96774194,26.00967742,23.96774194,25.81612903,27.89354839,26.0483871,25.08387097,26.217182846379924,26.501741935,26.29867742008,26.159092217529956,25.319322581,26.3739032262
Millet,1353000.0,2023,0.0,0.0,0.0,0.0,0.0,0.0,0.0,0.0,0.0,0.0,0.0,0.0,0.0,0.0,0.0,0.0,0.0,0.0,0.0,0.0,0.0,0.0,0.0,0.0,0.0,0.0,0.0,0.0,0.0,0.0,0.0,0.0,0.0,0.0,0.0,0.0,0.0,0.0,0.0,0.0,0.0,0.0,0.0,0.0,0.0,0.0,0.0,0.0,0.0,0.0,0.0,0.0,0.0,0.0,0.0,0.0,0.0,0.0,0.0,0.0,23.38064516,26.0483871,26.55483871,26.55483871,26.55483871,27.8483871,25.81612903,23.96774194,26.00967742,23.96774194,25.81612903,27.89354839,26.0483871,25.08387097,26.217182846379924,26.501741935,26.29867742008,26.159092217529956,25.319322581,26.3739032262
Rice,1521000.0,2023,0.0,0.0,0.0,0.0,0.0,0.0,0.0,0.0,0.0,0.0,0.0,0.0,0.0,0.0,0.0,0.0,0.0,0.0,0.0,0.0,0.0,0.0,0.0,0.0,0.0,0.0,0.0,0.0,0.0,0.0,0.0,0.0,0.0,0.0,0.0,0.0,0.0,0.0,0.0,0.0,0.0,0.0,0.0,0.0,0.0,0.0,0.0,0.0,0.0,0.0,0.0,0.0,0.0,0.0,0.0,0.0,0.0,0.0,0.0,0.0,23.38064516,26.0483871,26.55483871,26.55483871,26.55483871,27.8483871,25.81612903,23.96774194,26.00967742,23.96774194,25.81612903,27.89354839,26.0483871,25.08387097,26.217182846379924,26.501741935,26.29867742008,26.159092217529956,25.319322581,26.3739032262
Sorghum,445000.0,2023,0.0,0.0,0.0,0.0,0.0,0.0,0.0,0.0,0.0,0.0,0.0,0.0,0.0,0.0,0.0,0.0,0.0,0.0,0.0,0.0,0.0,0.0,0.0,0.0,0.0,0.0,0.0,0.0,0.0,0.0,0.0,0.0,0.0,0.0,0.0,0.0,0.0,0.0,0.0,0.0,0.0,0.0,0.0,0.0,0.0,0.0,0.0,0.0,0.0,0.0,0.0,0.0,0.0,0.0,0.0,0.0,0.0,0.0,0.0,0.0,23.38064516,26.0483871,26.55483871,26.55483871,26.55483871,27.8483871,25.81612903,23.96774194,26.00967742,23.96774194,25.81612903,27.89354839,26.0483871,25.08387097,26.217182846379924,26.501741935,26.29867742008,26.159092217529956,25.319322581,26.3739032262
Peanut,1728000.0,2024,0.0,0.0,0.0,0.0,0.0,0.0,0.0,0.0,0.0,0.0,0.0,0.0,0.0,0.0,0.0,0.0,0.0,0.0,0.0,0.0,0.0,0.0,0.0,0.0,0.0,0.0,0.0,0.0,0.0,0.0,0.0,0.0,0.0,0.0,0.0,0.0,0.0,0.0,0.0,0.0,0.0,0.0,0.0,0.0,0.0,0.0,0.0,0.0,0.0,0.0,0.0,0.0,0.0,0.0,0.0,0.0,0.0,0.0,0.0,0.0,24.39354839,26.1516129,28.06774194,28.06774194,28.06774194,29.07096774,26.55483871,24.59354839,26.49354839,24.59354839,26.55483871,28.97096774,26.1516129,26.11612903,27.20253410370717,27.4006129031,27.39940000218,27.255852589164057,26.0979677425,27.4581290338
Corn,929000.0,2024,0.0,0.0,0.0,0.0,0.0,0.0,0.0,0.0,0.0,0.0,0.0,0.0,0.0,0.0,0.0,0.0,0.0,0.0,0.0,0.0,0.0,0.0,0.0,0.0,0.0,0.0,0.0,0.0,0.0,0.0,0.0,0.0,0.0,0.0,0.0,0.0,0.0,0.0,0.0,0.0,0.0,0.0,0.0,0.0,0.0,0.0,0.0,0.0,0.0,0.0,0.0,0.0,0.0,0.0,0.0,0.0,0.0,0.0,0.0,0.0,24.39354839,26.1516129,28.06774194,28.06774194,28.06774194,29.07096774,26.55483871,24.59354839,26.49354839,24.59354839,26.55483871,28.97096774,26.1516129,26.11612903,27.20253410370717,27.4006129031,27.39940000218,27.255852589164057,26.0979677425,27.4581290338
Millet,1353000.0,2024,0.0,0.0,0.0,0.0,0.0,0.0,0.0,0.0,0.0,0.0,0.0,0.0,0.0,0.0,0.0,0.0,0.0,0.0,0.0,0.0,0.0,0.0,0.0,0.0,0.0,0.0,0.0,0.0,0.0,0.0,0.0,0.0,0.0,0.0,0.0,0.0,0.0,0.0,0.0,0.0,0.0,0.0,0.0,0.0,0.0,0.0,0.0,0.0,0.0,0.0,0.0,0.0,0.0,0.0,0.0,0.0,0.0,0.0,0.0,0.0,24.39354839,26.1516129,28.06774194,28.06774194,28.06774194,29.07096774,26.55483871,24.59354839,26.49354839,24.59354839,26.55483871,28.97096774,26.1516129,26.11612903,27.20253410370717,27.4006129031,27.39940000218,27.255852589164057,26.0979677425,27.4581290338
Rice,1521000.0,2024,0.0,0.0,0.0,0.0,0.0,0.0,0.0,0.0,0.0,0.0,0.0,0.0,0.0,0.0,0.0,0.0,0.0,0.0,0.0,0.0,0.0,0.0,0.0,0.0,0.0,0.0,0.0,0.0,0.0,0.0,0.0,0.0,0.0,0.0,0.0,0.0,0.0,0.0,0.0,0.0,0.0,0.0,0.0,0.0,0.0,0.0,0.0,0.0,0.0,0.0,0.0,0.0,0.0,0.0,0.0,0.0,0.0,0.0,0.0,0.0,24.39354839,26.1516129,28.06774194,28.06774194,28.06774194,29.07096774,26.55483871,24.59354839,26.49354839,24.59354839,26.55483871,28.97096774,26.1516129,26.11612903,27.20253410370717,27.4006129031,27.39940000218,27.255852589164057,26.0979677425,27.4581290338
Sorghum,445000.0,2024,0.0,0.0,0.0,0.0,0.0,0.0,0.0,0.0,0.0,0.0,0.0,0.0,0.0,0.0,0.0,0.0,0.0,0.0,0.0,0.0,0.0,0.0,0.0,0.0,0.0,0.0,0.0,0.0,0.0,0.0,0.0,0.0,0.0,0.0,0.0,0.0,0.0,0.0,0.0,0.0,0.0,0.0,0.0,0.0,0.0,0.0,0.0,0.0,0.0,0.0,0.0,0.0,0.0,0.0,0.0,0.0,0.0,0.0,0.0,0.0,24.39354839,26.1516129,28.06774194,28.06774194,28.06774194,29.07096774,26.55483871,24.59354839,26.49354839,24.59354839,26.55483871,28.97096774,26.1516129,26.11612903,27.20253410370717,27.4006129031,27.39940000218,27.255852589164057,26.0979677425,27.4581290338
